Error Type,Topic Guid,Message
Warning,00b9312c-b0c8-4f79-8b76-05b2d820e197,Found a an ul list inside a table in html file:00b9312c-b0c8-4f79-8b76-05b2d820e197.xml
Warning,01876843-8717-4e72-baf5-866ac8cceee6,Found a an ul list inside a table in html file:01876843-8717-4e72-baf5-866ac8cceee6.xml
Warning,01876843-8717-4e72-baf5-866ac8cceee6,Found nested table in md file:01876843-8717-4e72-baf5-866ac8cceee6.md
Warning,01876843-8717-4e72-baf5-866ac8cceee6,Fixing missing end table tag in file:01876843-8717-4e72-baf5-866ac8cceee6.md
Warning,01876843-8717-4e72-baf5-866ac8cceee6,Fixing missing end table tag in file:01876843-8717-4e72-baf5-866ac8cceee6.md
Warning,01876843-8717-4e72-baf5-866ac8cceee6,Found invalid tables saving file:01876843-8717-4e72-baf5-866ac8cceee6.md
Warning,025e8ab4-2e64-4a6b-8f52-caf756a5cac3,Found a an ul list inside a table in html file:025e8ab4-2e64-4a6b-8f52-caf756a5cac3.xml
Warning,031843fd-c7ff-4534-9b02-8847aad70807,Found nested table in md file:031843fd-c7ff-4534-9b02-8847aad70807.md
Warning,031843fd-c7ff-4534-9b02-8847aad70807,Fixing missing end table tag in file:031843fd-c7ff-4534-9b02-8847aad70807.md
Warning,031843fd-c7ff-4534-9b02-8847aad70807,Fixing missing end table tag in file:031843fd-c7ff-4534-9b02-8847aad70807.md
Warning,031843fd-c7ff-4534-9b02-8847aad70807,Found invalid tables saving file:031843fd-c7ff-4534-9b02-8847aad70807.md
Warning,0428eb2f-a5ce-47e5-9ea4-383965dfc1e4,Found nested table in md file:0428eb2f-a5ce-47e5-9ea4-383965dfc1e4.md
Warning,0428eb2f-a5ce-47e5-9ea4-383965dfc1e4,Fixing missing end table tag in file:0428eb2f-a5ce-47e5-9ea4-383965dfc1e4.md
Warning,0428eb2f-a5ce-47e5-9ea4-383965dfc1e4,Found invalid tables saving file:0428eb2f-a5ce-47e5-9ea4-383965dfc1e4.md
Warning,043b63ae-2d64-4f38-a0df-18aa08d6caf5,Found a an ul list inside a table in html file:043b63ae-2d64-4f38-a0df-18aa08d6caf5.xml
Warning,0444cdbd-538c-43b1-b9a1-9d7d6cf818d6,Found a an ul list inside a table in html file:0444cdbd-538c-43b1-b9a1-9d7d6cf818d6.xml
Warning,0453aeee-c41f-44e6-a6e0-aaace526ca08,Found a an ul list inside a table in html file:0453aeee-c41f-44e6-a6e0-aaace526ca08.xml
Warning,05b28f9b-4aba-4b69-ba8d-2ceeb6cbfaac,Found a an ul list inside a table in html file:05b28f9b-4aba-4b69-ba8d-2ceeb6cbfaac.xml
Warning,0813184a-ab40-417c-b3a3-c2090766b831,Found a an ul list inside a table in html file:0813184a-ab40-417c-b3a3-c2090766b831.xml
Warning,082daeac-e667-4e2d-b78d-8e0901f9f0e9,Found a an ol list inside a table in html file:082daeac-e667-4e2d-b78d-8e0901f9f0e9.xml
Warning,082daeac-e667-4e2d-b78d-8e0901f9f0e9,Found nested table in md file:082daeac-e667-4e2d-b78d-8e0901f9f0e9.md
Warning,082daeac-e667-4e2d-b78d-8e0901f9f0e9,Fixing missing end table tag in file:082daeac-e667-4e2d-b78d-8e0901f9f0e9.md
Warning,082daeac-e667-4e2d-b78d-8e0901f9f0e9,Found invalid tables saving file:082daeac-e667-4e2d-b78d-8e0901f9f0e9.md
Warning,090aea0f-ef0b-49da-9c80-02d9279f2fa6,Found a an ul list inside a table in html file:090aea0f-ef0b-49da-9c80-02d9279f2fa6.xml
Warning,09148118-6209-4fd7-a494-99118689a245,Found a an ul list inside a table in html file:09148118-6209-4fd7-a494-99118689a245.xml
Warning,0b83fbf4-e124-4efd-a0a9-202eb849af82,Found nested table in md file:0b83fbf4-e124-4efd-a0a9-202eb849af82.md
Warning,0b83fbf4-e124-4efd-a0a9-202eb849af82,Fixing missing end table tag in file:0b83fbf4-e124-4efd-a0a9-202eb849af82.md
Warning,0b83fbf4-e124-4efd-a0a9-202eb849af82,Found invalid tables saving file:0b83fbf4-e124-4efd-a0a9-202eb849af82.md
Warning,0c03b7fd-449a-47ad-8263-ce811164cbce,Found nested table in md file:0c03b7fd-449a-47ad-8263-ce811164cbce.md
Warning,0c03b7fd-449a-47ad-8263-ce811164cbce,Fixing missing end table tag in file:0c03b7fd-449a-47ad-8263-ce811164cbce.md
Warning,0c03b7fd-449a-47ad-8263-ce811164cbce,Found invalid tables saving file:0c03b7fd-449a-47ad-8263-ce811164cbce.md
Warning,0d654a19-6cf0-4118-903d-ec2c4e519253,Found a an ul list inside a table in html file:0d654a19-6cf0-4118-903d-ec2c4e519253.xml
Warning,0e29605b-db2d-4cbf-b6a9-15db6b9fdabc,Found < > tag Bug 1235997:Support Request: MD conversion issue: not escaped tags causing missing content line:<i>&lt;username&gt;@contoso.com</i> in md file:0e29605b-db2d-4cbf-b6a9-15db6b9fdabc.md total found:0
Warning,0e29605b-db2d-4cbf-b6a9-15db6b9fdabc,Found < > tag Bug 1235997:Support Request: MD conversion issue: not escaped tags causing missing content line:<i>&lt;fe-pool&gt;.contoso.com</i> in md file:0e29605b-db2d-4cbf-b6a9-15db6b9fdabc.md total found:0
Warning,0e29605b-db2d-4cbf-b6a9-15db6b9fdabc,Found < > tag Bug 1235997:Support Request: MD conversion issue: not escaped tags causing missing content line:<i>&lt;URL&gt;</i> in md file:0e29605b-db2d-4cbf-b6a9-15db6b9fdabc.md total found:0
Warning,0e29605b-db2d-4cbf-b6a9-15db6b9fdabc,Found < > tag Bug 1235997:Support Request: MD conversion issue: not escaped tags causing missing content line:<i>&lt;fe-pool&gt;.contoso.com</i> in md file:0e29605b-db2d-4cbf-b6a9-15db6b9fdabc.md total found:0
Warning,0e29605b-db2d-4cbf-b6a9-15db6b9fdabc,Found < > tag Bug 1235997:Support Request: MD conversion issue: not escaped tags causing missing content line:<i>&lt;URL&gt;</i> in md file:0e29605b-db2d-4cbf-b6a9-15db6b9fdabc.md total found:0
Warning,0f126571-91a2-45d5-855c-1e4ddb45fc04,Found a an ul list inside a table in html file:0f126571-91a2-45d5-855c-1e4ddb45fc04.xml
Warning,0f631a36-fc2e-41cd-8a0d-f27e84f4a89e,Found a an ul list inside a table in html file:0f631a36-fc2e-41cd-8a0d-f27e84f4a89e.xml
Warning,0fde3b73-9a2f-44dd-b8dc-6df512303ff1,Found a an ul list inside a table in html file:0fde3b73-9a2f-44dd-b8dc-6df512303ff1.xml
Warning,1098ae4d-f57f-44f3-804e-39889d9fc14e,Found a an ul list inside a table in html file:1098ae4d-f57f-44f3-804e-39889d9fc14e.xml
Warning,1098ae4d-f57f-44f3-804e-39889d9fc14e,Found nested table in md file:1098ae4d-f57f-44f3-804e-39889d9fc14e.md
Warning,11bc7b84-91cf-48f9-ad0e-06ad30b46a2e,Found nested table in md file:11bc7b84-91cf-48f9-ad0e-06ad30b46a2e.md
Warning,11bc7b84-91cf-48f9-ad0e-06ad30b46a2e,Fixing missing end table tag in file:11bc7b84-91cf-48f9-ad0e-06ad30b46a2e.md
Warning,11bc7b84-91cf-48f9-ad0e-06ad30b46a2e,Found invalid tables saving file:11bc7b84-91cf-48f9-ad0e-06ad30b46a2e.md
Warning,14e0f5dc-77cd-42cd-a9c9-4d0da38fb1cf,Found a an ul list inside a table in html file:14e0f5dc-77cd-42cd-a9c9-4d0da38fb1cf.xml
Warning,14e0f5dc-77cd-42cd-a9c9-4d0da38fb1cf,Found nested table in md file:14e0f5dc-77cd-42cd-a9c9-4d0da38fb1cf.md
Warning,14e0f5dc-77cd-42cd-a9c9-4d0da38fb1cf,Fixing missing end table tag in file:14e0f5dc-77cd-42cd-a9c9-4d0da38fb1cf.md
Warning,14e0f5dc-77cd-42cd-a9c9-4d0da38fb1cf,Fixing missing end table tag in file:14e0f5dc-77cd-42cd-a9c9-4d0da38fb1cf.md
Warning,14e0f5dc-77cd-42cd-a9c9-4d0da38fb1cf,Fixing missing end table tag in file:14e0f5dc-77cd-42cd-a9c9-4d0da38fb1cf.md
Warning,14e0f5dc-77cd-42cd-a9c9-4d0da38fb1cf,Fixing missing end table tag in file:14e0f5dc-77cd-42cd-a9c9-4d0da38fb1cf.md
Warning,14e0f5dc-77cd-42cd-a9c9-4d0da38fb1cf,Found invalid tables saving file:14e0f5dc-77cd-42cd-a9c9-4d0da38fb1cf.md
Warning,14e24856-9996-4da4-9f31-300940bdf5aa,Found a an ul list inside a table in html file:14e24856-9996-4da4-9f31-300940bdf5aa.xml
Warning,151d5cc9-cc1b-4cfa-be9c-55ebe321f7a4,Found a an ul list inside a table in html file:151d5cc9-cc1b-4cfa-be9c-55ebe321f7a4.xml
Warning,1700f99b-709c-4e47-88eb-c0a5490e26e2,Found a an ol list inside a table in html file:1700f99b-709c-4e47-88eb-c0a5490e26e2.xml
Warning,17d67ea3-f74d-4952-ac2b-92c0dacc8014,Found nested table in md file:17d67ea3-f74d-4952-ac2b-92c0dacc8014.md
Warning,17d67ea3-f74d-4952-ac2b-92c0dacc8014,Fixing missing end table tag in file:17d67ea3-f74d-4952-ac2b-92c0dacc8014.md
Warning,17d67ea3-f74d-4952-ac2b-92c0dacc8014,Found invalid tables saving file:17d67ea3-f74d-4952-ac2b-92c0dacc8014.md
Warning,1964cbf9-d7f1-4b4e-99d1-951ac42d82fe,Found < > tag Bug 1235997:Support Request: MD conversion issue: not escaped tags causing missing content line:<p>A unique identifier specifying the scope of the IM filter configuration. Global settings exist by default and cannot be re-created with the <b>New-CsImFilterConfiguration</b>  cmdlet- but you can create site-level settings by specifying an Identity of site:&lt;site name&gt;- where &lt;site name&gt; is the name of the site to which the settings will be applied (for example- site:Redmond). </p> in md file:1964cbf9-d7f1-4b4e-99d1-951ac42d82fe.md total found:0
Warning,19ec0145-2398-437b-8989-f780c179b798,Found a an ul list inside a table in html file:19ec0145-2398-437b-8989-f780c179b798.xml
Warning,1a5427f4-a0d1-4652-8135-91333158ffc8,Found a an ul list inside a table in html file:1a5427f4-a0d1-4652-8135-91333158ffc8.xml
Warning,1b769a76-cbf3-46e9-a955-f6cde5faff93,Found nested table in md file:1b769a76-cbf3-46e9-a955-f6cde5faff93.md
Warning,1bdbd5d7-cc72-46c5-ac20-ddc0d5723fe0,Found nested table in md file:1bdbd5d7-cc72-46c5-ac20-ddc0d5723fe0.md
Warning,1bdbd5d7-cc72-46c5-ac20-ddc0d5723fe0,Fixing missing end table tag in file:1bdbd5d7-cc72-46c5-ac20-ddc0d5723fe0.md
Warning,1bdbd5d7-cc72-46c5-ac20-ddc0d5723fe0,Found invalid tables saving file:1bdbd5d7-cc72-46c5-ac20-ddc0d5723fe0.md
Warning,1ccde6bf-9a2d-4fcf-b81f-1bc9fee2cfbb,Found nested table in md file:1ccde6bf-9a2d-4fcf-b81f-1bc9fee2cfbb.md
Warning,1ccde6bf-9a2d-4fcf-b81f-1bc9fee2cfbb,Fixing missing end table tag in file:1ccde6bf-9a2d-4fcf-b81f-1bc9fee2cfbb.md
Warning,1ccde6bf-9a2d-4fcf-b81f-1bc9fee2cfbb,Found invalid tables saving file:1ccde6bf-9a2d-4fcf-b81f-1bc9fee2cfbb.md
Warning,1eac3a54-656a-40ac-b771-edfc64d6e34b,Found a an ul list inside a table in html file:1eac3a54-656a-40ac-b771-edfc64d6e34b.xml
Warning,1ed24fb8-a849-44c0-a52e-7aef7527e644,Found nested table in md file:1ed24fb8-a849-44c0-a52e-7aef7527e644.md
Warning,1ed24fb8-a849-44c0-a52e-7aef7527e644,Fixing missing end table tag in file:1ed24fb8-a849-44c0-a52e-7aef7527e644.md
Warning,1ed24fb8-a849-44c0-a52e-7aef7527e644,Found invalid tables saving file:1ed24fb8-a849-44c0-a52e-7aef7527e644.md
Warning,1f440590-c1bc-483e-b7bc-6cc763847768,Found a an ul list inside a table in html file:1f440590-c1bc-483e-b7bc-6cc763847768.xml
Warning,1f45163b-52c6-4a78-b9c8-dfe3abe4e5eb,Found a an ul list inside a table in html file:1f45163b-52c6-4a78-b9c8-dfe3abe4e5eb.xml
Warning,2000d672-a85f-4262-9d69-0bee9ae3709a,Found a an ul list inside a table in html file:2000d672-a85f-4262-9d69-0bee9ae3709a.xml
Warning,2000d672-a85f-4262-9d69-0bee9ae3709a,Found nested table in md file:2000d672-a85f-4262-9d69-0bee9ae3709a.md
Warning,2000d672-a85f-4262-9d69-0bee9ae3709a,Fixing missing end table tag in file:2000d672-a85f-4262-9d69-0bee9ae3709a.md
Warning,2000d672-a85f-4262-9d69-0bee9ae3709a,Fixing missing end table tag in file:2000d672-a85f-4262-9d69-0bee9ae3709a.md
Warning,2000d672-a85f-4262-9d69-0bee9ae3709a,Found invalid tables saving file:2000d672-a85f-4262-9d69-0bee9ae3709a.md
Warning,20e4f4b6-b7ff-4297-b00d-d1211ee800ac,Missing tables headers in file:20e4f4b6-b7ff-4297-b00d-d1211ee800ac.md
Warning,22ddb509-af16-4fc8-9b98-6f58caa6f37e,Found a an ul list inside a table in html file:22ddb509-af16-4fc8-9b98-6f58caa6f37e.xml
Warning,22dec3cc-4b6b-4df2-b269-5b35df4731a7,Found a an ol list inside a table in html file:22dec3cc-4b6b-4df2-b269-5b35df4731a7.xml
Warning,23d06fd3-31ee-4480-ba1e-d179a55b8b14,Found nested table in md file:23d06fd3-31ee-4480-ba1e-d179a55b8b14.md
Warning,23d06fd3-31ee-4480-ba1e-d179a55b8b14,Fixing missing end table tag in file:23d06fd3-31ee-4480-ba1e-d179a55b8b14.md
Warning,23d06fd3-31ee-4480-ba1e-d179a55b8b14,Found invalid tables saving file:23d06fd3-31ee-4480-ba1e-d179a55b8b14.md
Warning,23f2aeb6-fed9-4349-8fba-dcbf18ee4b04,Found a an ul list inside a table in html file:23f2aeb6-fed9-4349-8fba-dcbf18ee4b04.xml
Warning,23f2aeb6-fed9-4349-8fba-dcbf18ee4b04,Found nested table in md file:23f2aeb6-fed9-4349-8fba-dcbf18ee4b04.md
Warning,25697446-b045-4d12-9b1c-47f694b4f224,Found a an ul list inside a table in html file:25697446-b045-4d12-9b1c-47f694b4f224.xml
Warning,25b8ae7a-e5a0-43c0-92ae-7e144d5e4a36,Found a an ul list inside a table in html file:25b8ae7a-e5a0-43c0-92ae-7e144d5e4a36.xml
Warning,269a4436-f09f-415b-96ab-49a64370a385,Found a an ul list inside a table in html file:269a4436-f09f-415b-96ab-49a64370a385.xml
Warning,269a4436-f09f-415b-96ab-49a64370a385,Found nested table in md file:269a4436-f09f-415b-96ab-49a64370a385.md
Warning,269a4436-f09f-415b-96ab-49a64370a385,Fixing missing end table tag in file:269a4436-f09f-415b-96ab-49a64370a385.md
Warning,269a4436-f09f-415b-96ab-49a64370a385,Fixing missing end table tag in file:269a4436-f09f-415b-96ab-49a64370a385.md
Warning,269a4436-f09f-415b-96ab-49a64370a385,Found invalid tables saving file:269a4436-f09f-415b-96ab-49a64370a385.md
Warning,26f806c1-f284-4637-b06b-06270336c540,Found a an ul list inside a table in html file:26f806c1-f284-4637-b06b-06270336c540.xml
Warning,26f806c1-f284-4637-b06b-06270336c540,Found nested table in md file:26f806c1-f284-4637-b06b-06270336c540.md
Warning,26f806c1-f284-4637-b06b-06270336c540,Fixing missing end table tag in file:26f806c1-f284-4637-b06b-06270336c540.md
Warning,26f806c1-f284-4637-b06b-06270336c540,Found invalid tables saving file:26f806c1-f284-4637-b06b-06270336c540.md
Warning,27694c71-8e63-4aa4-b49f-fa06ccb81949,Found nested table in md file:27694c71-8e63-4aa4-b49f-fa06ccb81949.md
Warning,27694c71-8e63-4aa4-b49f-fa06ccb81949,Fixing missing end table tag in file:27694c71-8e63-4aa4-b49f-fa06ccb81949.md
Warning,27694c71-8e63-4aa4-b49f-fa06ccb81949,Found invalid tables saving file:27694c71-8e63-4aa4-b49f-fa06ccb81949.md
Warning,29c35a47-2513-425c-8b6b-250786573171,Missing tables headers in file:29c35a47-2513-425c-8b6b-250786573171.md
Warning,29ebda0f-ae5f-4512-ad59-240c3605b240,Found nested table in md file:29ebda0f-ae5f-4512-ad59-240c3605b240.md
Warning,29ebda0f-ae5f-4512-ad59-240c3605b240,Fixing missing end table tag in file:29ebda0f-ae5f-4512-ad59-240c3605b240.md
Warning,29ebda0f-ae5f-4512-ad59-240c3605b240,Fixing missing end table tag in file:29ebda0f-ae5f-4512-ad59-240c3605b240.md
Warning,29ebda0f-ae5f-4512-ad59-240c3605b240,Fixing missing end table tag in file:29ebda0f-ae5f-4512-ad59-240c3605b240.md
Warning,29ebda0f-ae5f-4512-ad59-240c3605b240,Fixing missing end table tag in file:29ebda0f-ae5f-4512-ad59-240c3605b240.md
Warning,29ebda0f-ae5f-4512-ad59-240c3605b240,Fixing missing end table tag in file:29ebda0f-ae5f-4512-ad59-240c3605b240.md
Warning,29ebda0f-ae5f-4512-ad59-240c3605b240,Fixing missing end table tag in file:29ebda0f-ae5f-4512-ad59-240c3605b240.md
Warning,29ebda0f-ae5f-4512-ad59-240c3605b240,Found invalid tables saving file:29ebda0f-ae5f-4512-ad59-240c3605b240.md
Warning,2b3687ee-50c2-4c1c-880e-8dcf8bd4f309,Found a an ul list inside a table in html file:2b3687ee-50c2-4c1c-880e-8dcf8bd4f309.xml
Warning,2c59e603-ba85-40ba-91a7-51c6fd39472e,Found nested table in md file:2c59e603-ba85-40ba-91a7-51c6fd39472e.md
Warning,2c59e603-ba85-40ba-91a7-51c6fd39472e,Fixing missing end table tag in file:2c59e603-ba85-40ba-91a7-51c6fd39472e.md
Warning,2c59e603-ba85-40ba-91a7-51c6fd39472e,Found invalid tables saving file:2c59e603-ba85-40ba-91a7-51c6fd39472e.md
Warning,2d32f19f-c649-4a72-a4fb-edd338e3a7cc,Found a an ul list inside a table in html file:2d32f19f-c649-4a72-a4fb-edd338e3a7cc.xml
Warning,2ddcf4ea-ae6c-40fa-9499-4e3b1b140e68,Found nested table in md file:2ddcf4ea-ae6c-40fa-9499-4e3b1b140e68.md
Warning,2ddcf4ea-ae6c-40fa-9499-4e3b1b140e68,Fixing missing end table tag in file:2ddcf4ea-ae6c-40fa-9499-4e3b1b140e68.md
Warning,2ddcf4ea-ae6c-40fa-9499-4e3b1b140e68,Found invalid tables saving file:2ddcf4ea-ae6c-40fa-9499-4e3b1b140e68.md
Warning,301dd44d-03e9-41cd-9722-54e00365aa45,Found nested table in md file:301dd44d-03e9-41cd-9722-54e00365aa45.md
Warning,301dd44d-03e9-41cd-9722-54e00365aa45,Fixing missing end table tag in file:301dd44d-03e9-41cd-9722-54e00365aa45.md
Warning,301dd44d-03e9-41cd-9722-54e00365aa45,Found invalid tables saving file:301dd44d-03e9-41cd-9722-54e00365aa45.md
Warning,3073affa-4d92-4453-9974-3a82ca0c6445,Found nested table in md file:3073affa-4d92-4453-9974-3a82ca0c6445.md
Warning,3073affa-4d92-4453-9974-3a82ca0c6445,Fixing missing end table tag in file:3073affa-4d92-4453-9974-3a82ca0c6445.md
Warning,3073affa-4d92-4453-9974-3a82ca0c6445,Found invalid tables saving file:3073affa-4d92-4453-9974-3a82ca0c6445.md
Warning,31e95e16-f79f-46c6-b123-973fa56a824e,Missing tables headers in file:31e95e16-f79f-46c6-b123-973fa56a824e.md
Warning,3248b320-a552-400a-8485-6891af4eb0f3,Found a an ul list inside a table in html file:3248b320-a552-400a-8485-6891af4eb0f3.xml
Warning,3312926a-4671-4030-bb92-90ac24c778dd,Found a an ul list inside a table in html file:3312926a-4671-4030-bb92-90ac24c778dd.xml
Warning,3363ac53-b7c4-4a59-aea1-b2f3ee016ae1,Found a an ol list inside a table in html file:3363ac53-b7c4-4a59-aea1-b2f3ee016ae1.xml
Warning,337aa234-c5f3-4468-a047-2023848e942c,Found a an ol list inside a table in html file:337aa234-c5f3-4468-a047-2023848e942c.xml
Warning,34e24103-aec7-4471-a155-933b6fb83c95,Found a an ul list inside a table in html file:34e24103-aec7-4471-a155-933b6fb83c95.xml
Warning,35ec2e33-f33e-4f84-9e64-6550fd78aa52,Found a an ul list inside a table in html file:35ec2e33-f33e-4f84-9e64-6550fd78aa52.xml
Warning,35ec2e33-f33e-4f84-9e64-6550fd78aa52,Found nested table in md file:35ec2e33-f33e-4f84-9e64-6550fd78aa52.md
Warning,35ec2e33-f33e-4f84-9e64-6550fd78aa52,Fixing missing end table tag in file:35ec2e33-f33e-4f84-9e64-6550fd78aa52.md
Warning,35ec2e33-f33e-4f84-9e64-6550fd78aa52,Fixing missing end table tag in file:35ec2e33-f33e-4f84-9e64-6550fd78aa52.md
Warning,35ec2e33-f33e-4f84-9e64-6550fd78aa52,Fixing missing end table tag in file:35ec2e33-f33e-4f84-9e64-6550fd78aa52.md
Warning,35ec2e33-f33e-4f84-9e64-6550fd78aa52,Fixing missing end table tag in file:35ec2e33-f33e-4f84-9e64-6550fd78aa52.md
Warning,35ec2e33-f33e-4f84-9e64-6550fd78aa52,Found invalid tables saving file:35ec2e33-f33e-4f84-9e64-6550fd78aa52.md
Warning,365c7beb-24d4-40f5-92e7-4978b9688916,Found a an ul list inside a table in html file:365c7beb-24d4-40f5-92e7-4978b9688916.xml
Warning,374ddc43-26f9-499d-be68-a5158adfa49c,Found a an ul list inside a table in html file:374ddc43-26f9-499d-be68-a5158adfa49c.xml
Warning,374ddc43-26f9-499d-be68-a5158adfa49c,Found nested table in md file:374ddc43-26f9-499d-be68-a5158adfa49c.md
Warning,374ddc43-26f9-499d-be68-a5158adfa49c,Fixing missing end table tag in file:374ddc43-26f9-499d-be68-a5158adfa49c.md
Warning,374ddc43-26f9-499d-be68-a5158adfa49c,Found invalid tables saving file:374ddc43-26f9-499d-be68-a5158adfa49c.md
Warning,37750c6d-9b75-4dde-aa52-79210afe34c2,Found < > tag Bug 1235997:Support Request: MD conversion issue: not escaped tags causing missing content line:<p>This parameter contains a unique identifier specifying the scope at which this configuration is applied. New voice mail rerouting configurations can be created only at the site level- so the Identity would be in the format Site:&lt;site name&gt;- where &lt;site name&gt; is the name of the site to which the settings are applied. A global voice mail rerouting configuration exists by default and cannot be re-created by calling the <b>New-CsVoicemailReroutingConfiguration</b>  cmdlet. </p> in md file:37750c6d-9b75-4dde-aa52-79210afe34c2.md total found:0
Warning,391490cb-d7b8-44ca-b4d1-429600da909c,Found a an ul list inside a table in html file:391490cb-d7b8-44ca-b4d1-429600da909c.xml
Warning,3944d724-bdd8-4d1c-a2af-933ee8141529,Found a an ol list inside a table in html file:3944d724-bdd8-4d1c-a2af-933ee8141529.xml
Warning,3a3c9b22-892f-45a7-b05c-539d358a1a86,Missing tables headers in file:3a3c9b22-892f-45a7-b05c-539d358a1a86.md
Warning,3aa6fef2-ea02-4f0f-93e8-fa2e0a953d79,Found a an ul list inside a table in html file:3aa6fef2-ea02-4f0f-93e8-fa2e0a953d79.xml
Warning,3b234d92-b9ff-4b1d-910e-084c6f17e751,Found a an ul list inside a table in html file:3b234d92-b9ff-4b1d-910e-084c6f17e751.xml
Warning,3d10abf2-d484-4fa0-8f10-4a5f9dfba4f5,Found a an ul list inside a table in html file:3d10abf2-d484-4fa0-8f10-4a5f9dfba4f5.xml
Warning,3f55f502-88a0-4315-8783-45a32a0b78ea,Found a an ul list inside a table in html file:3f55f502-88a0-4315-8783-45a32a0b78ea.xml
Warning,3f55f502-88a0-4315-8783-45a32a0b78ea,Found nested table in md file:3f55f502-88a0-4315-8783-45a32a0b78ea.md
Warning,3f55f502-88a0-4315-8783-45a32a0b78ea,Fixing missing end table tag in file:3f55f502-88a0-4315-8783-45a32a0b78ea.md
Warning,3f55f502-88a0-4315-8783-45a32a0b78ea,Found invalid tables saving file:3f55f502-88a0-4315-8783-45a32a0b78ea.md
Warning,41677dbd-3d07-498a-8591-df255b606647,Found a an ul list inside a table in html file:41677dbd-3d07-498a-8591-df255b606647.xml
Warning,4266f16a-b387-452c-a8ca-d771a3c58f0f,Missing tables headers in file:4266f16a-b387-452c-a8ca-d771a3c58f0f.md
Warning,438942e2-580a-4b67-9d42-f116111fb26a,Found a an ul list inside a table in html file:438942e2-580a-4b67-9d42-f116111fb26a.xml
Warning,446b0914-2198-445e-ab6e-94802acebd5c,Found a an ul list inside a table in html file:446b0914-2198-445e-ab6e-94802acebd5c.xml
Warning,45042eca-b845-4207-b12f-b8b7f5d44bdf,Found a an ul list inside a table in html file:45042eca-b845-4207-b12f-b8b7f5d44bdf.xml
Warning,45042eca-b845-4207-b12f-b8b7f5d44bdf,Fixing missing end table tag in file:45042eca-b845-4207-b12f-b8b7f5d44bdf.md
Warning,45042eca-b845-4207-b12f-b8b7f5d44bdf,Fixing missing end table tag in file:45042eca-b845-4207-b12f-b8b7f5d44bdf.md
Warning,45042eca-b845-4207-b12f-b8b7f5d44bdf,Fixing missing end table tag in file:45042eca-b845-4207-b12f-b8b7f5d44bdf.md
Warning,45042eca-b845-4207-b12f-b8b7f5d44bdf,Fixing missing end table tag in file:45042eca-b845-4207-b12f-b8b7f5d44bdf.md
Warning,45042eca-b845-4207-b12f-b8b7f5d44bdf,Fixing missing end table tag in file:45042eca-b845-4207-b12f-b8b7f5d44bdf.md
Warning,45042eca-b845-4207-b12f-b8b7f5d44bdf,Fixing missing end table tag in file:45042eca-b845-4207-b12f-b8b7f5d44bdf.md
Warning,45042eca-b845-4207-b12f-b8b7f5d44bdf,Fixing missing end table tag in file:45042eca-b845-4207-b12f-b8b7f5d44bdf.md
Warning,45042eca-b845-4207-b12f-b8b7f5d44bdf,Fixing missing end table tag in file:45042eca-b845-4207-b12f-b8b7f5d44bdf.md
Warning,45042eca-b845-4207-b12f-b8b7f5d44bdf,Fixing missing end table tag in file:45042eca-b845-4207-b12f-b8b7f5d44bdf.md
Warning,45042eca-b845-4207-b12f-b8b7f5d44bdf,Fixing missing end table tag in file:45042eca-b845-4207-b12f-b8b7f5d44bdf.md
Warning,45042eca-b845-4207-b12f-b8b7f5d44bdf,Fixing missing end table tag in file:45042eca-b845-4207-b12f-b8b7f5d44bdf.md
Warning,45042eca-b845-4207-b12f-b8b7f5d44bdf,Fixing missing end table tag in file:45042eca-b845-4207-b12f-b8b7f5d44bdf.md
Warning,45042eca-b845-4207-b12f-b8b7f5d44bdf,Found invalid tables saving file:45042eca-b845-4207-b12f-b8b7f5d44bdf.md
Warning,45940add-8027-418d-b79a-9033b494762f,Found nested table in md file:45940add-8027-418d-b79a-9033b494762f.md
Warning,47a92c7d-fe94-4843-b9d5-92b955306666,Found a an ul list inside a table in html file:47a92c7d-fe94-4843-b9d5-92b955306666.xml
Warning,47a92c7d-fe94-4843-b9d5-92b955306666,Found nested table in md file:47a92c7d-fe94-4843-b9d5-92b955306666.md
Warning,47a92c7d-fe94-4843-b9d5-92b955306666,Fixing missing end table tag in file:47a92c7d-fe94-4843-b9d5-92b955306666.md
Warning,47a92c7d-fe94-4843-b9d5-92b955306666,Fixing missing end table tag in file:47a92c7d-fe94-4843-b9d5-92b955306666.md
Warning,47a92c7d-fe94-4843-b9d5-92b955306666,Found invalid tables saving file:47a92c7d-fe94-4843-b9d5-92b955306666.md
Warning,4b70991e-5f10-40a3-b069-0b227c3a3a0a,Found nested table in md file:4b70991e-5f10-40a3-b069-0b227c3a3a0a.md
Warning,4b70991e-5f10-40a3-b069-0b227c3a3a0a,Fixing missing end table tag in file:4b70991e-5f10-40a3-b069-0b227c3a3a0a.md
Warning,4b70991e-5f10-40a3-b069-0b227c3a3a0a,Fixing missing end table tag in file:4b70991e-5f10-40a3-b069-0b227c3a3a0a.md
Warning,4b70991e-5f10-40a3-b069-0b227c3a3a0a,Fixing missing end table tag in file:4b70991e-5f10-40a3-b069-0b227c3a3a0a.md
Warning,4b70991e-5f10-40a3-b069-0b227c3a3a0a,Found invalid tables saving file:4b70991e-5f10-40a3-b069-0b227c3a3a0a.md
Warning,4b7eac0c-50e9-443a-b474-5c4e0c286028,Found a an ul list inside a table in html file:4b7eac0c-50e9-443a-b474-5c4e0c286028.xml
Warning,4b7eac0c-50e9-443a-b474-5c4e0c286028,Found nested table in md file:4b7eac0c-50e9-443a-b474-5c4e0c286028.md
Warning,4b7eac0c-50e9-443a-b474-5c4e0c286028,Fixing missing end table tag in file:4b7eac0c-50e9-443a-b474-5c4e0c286028.md
Warning,4b7eac0c-50e9-443a-b474-5c4e0c286028,Found invalid tables saving file:4b7eac0c-50e9-443a-b474-5c4e0c286028.md
Warning,4ce274d7-b0ec-40b8-b85e-9a0613916ffb,Missing tables headers in file:4ce274d7-b0ec-40b8-b85e-9a0613916ffb.md
Warning,4e00fb38-64b1-4fd9-903d-7639177bc303,Found a an ul list inside a table in html file:4e00fb38-64b1-4fd9-903d-7639177bc303.xml
Warning,4e798370-277c-4391-84b4-13a972b45ca6,Missing tables headers in file:4e798370-277c-4391-84b4-13a972b45ca6.md
Warning,4ebd710c-38cd-4cff-9a45-df029d424580,Found a an ul list inside a table in html file:4ebd710c-38cd-4cff-9a45-df029d424580.xml
Warning,4f93b974-b460-45c7-a4a8-6f38e34840f5,Found a an ul list inside a table in html file:4f93b974-b460-45c7-a4a8-6f38e34840f5.xml
Warning,4ff2cc91-0036-4c5a-9792-7bf43d8ce18d,Found nested table in md file:4ff2cc91-0036-4c5a-9792-7bf43d8ce18d.md
Warning,4ff2cc91-0036-4c5a-9792-7bf43d8ce18d,Fixing missing end table tag in file:4ff2cc91-0036-4c5a-9792-7bf43d8ce18d.md
Warning,4ff2cc91-0036-4c5a-9792-7bf43d8ce18d,Found invalid tables saving file:4ff2cc91-0036-4c5a-9792-7bf43d8ce18d.md
Warning,500f330d-4d7d-4e88-b1cc-fef9a9de6b5c,Found a an ul list inside a table in html file:500f330d-4d7d-4e88-b1cc-fef9a9de6b5c.xml
Warning,52dd0c3e-cd3c-44cf-bef5-8c49ff5e4c7a,Missing tables headers in file:52dd0c3e-cd3c-44cf-bef5-8c49ff5e4c7a.md
Warning,549ec118-eee5-4333-9416-80929ec057e0,Found a an ul list inside a table in html file:549ec118-eee5-4333-9416-80929ec057e0.xml
Warning,5571811e-34c8-443a-b94c-1ab5d4275581,Found a an ul list inside a table in html file:5571811e-34c8-443a-b94c-1ab5d4275581.xml
Warning,573b30b1-6590-4b24-8e96-a41be57cb0ef,Found nested table in md file:573b30b1-6590-4b24-8e96-a41be57cb0ef.md
Warning,573b30b1-6590-4b24-8e96-a41be57cb0ef,Fixing missing end table tag in file:573b30b1-6590-4b24-8e96-a41be57cb0ef.md
Warning,573b30b1-6590-4b24-8e96-a41be57cb0ef,Found invalid tables saving file:573b30b1-6590-4b24-8e96-a41be57cb0ef.md
Warning,574da104-8823-4061-9fb6-353639f1884d,Found nested table in md file:574da104-8823-4061-9fb6-353639f1884d.md
Warning,574da104-8823-4061-9fb6-353639f1884d,Fixing missing end table tag in file:574da104-8823-4061-9fb6-353639f1884d.md
Warning,574da104-8823-4061-9fb6-353639f1884d,Found invalid tables saving file:574da104-8823-4061-9fb6-353639f1884d.md
Warning,58e34058-1afa-42e3-9096-c4ea1954c237,Found nested table in md file:58e34058-1afa-42e3-9096-c4ea1954c237.md
Warning,58e34058-1afa-42e3-9096-c4ea1954c237,Fixing missing end table tag in file:58e34058-1afa-42e3-9096-c4ea1954c237.md
Warning,58e34058-1afa-42e3-9096-c4ea1954c237,Found invalid tables saving file:58e34058-1afa-42e3-9096-c4ea1954c237.md
Warning,59d8f5ba-5064-4ea5-b4bf-2b9736e0fedd,Found a an ul list inside a table in html file:59d8f5ba-5064-4ea5-b4bf-2b9736e0fedd.xml
Warning,5a1cebda-c14b-4ff4-9c36-f7caa868160f,Found a an ul list inside a table in html file:5a1cebda-c14b-4ff4-9c36-f7caa868160f.xml
Warning,5a1cebda-c14b-4ff4-9c36-f7caa868160f,Found nested table in md file:5a1cebda-c14b-4ff4-9c36-f7caa868160f.md
Warning,5a1cebda-c14b-4ff4-9c36-f7caa868160f,Fixing missing end table tag in file:5a1cebda-c14b-4ff4-9c36-f7caa868160f.md
Warning,5a1cebda-c14b-4ff4-9c36-f7caa868160f,Found invalid tables saving file:5a1cebda-c14b-4ff4-9c36-f7caa868160f.md
Warning,5d13ab15-0e12-4bd0-a970-f130de980404,Found nested table in md file:5d13ab15-0e12-4bd0-a970-f130de980404.md
Warning,5d13ab15-0e12-4bd0-a970-f130de980404,Fixing missing end table tag in file:5d13ab15-0e12-4bd0-a970-f130de980404.md
Warning,5d13ab15-0e12-4bd0-a970-f130de980404,Found invalid tables saving file:5d13ab15-0e12-4bd0-a970-f130de980404.md
Warning,5d456d6c-ad71-420c-b6d8-4d9cd0324f86,Found a an ul list inside a table in html file:5d456d6c-ad71-420c-b6d8-4d9cd0324f86.xml
Warning,5d456d6c-ad71-420c-b6d8-4d9cd0324f86,Found nested table in md file:5d456d6c-ad71-420c-b6d8-4d9cd0324f86.md
Warning,5d456d6c-ad71-420c-b6d8-4d9cd0324f86,Fixing missing end table tag in file:5d456d6c-ad71-420c-b6d8-4d9cd0324f86.md
Warning,5d456d6c-ad71-420c-b6d8-4d9cd0324f86,Fixing missing end table tag in file:5d456d6c-ad71-420c-b6d8-4d9cd0324f86.md
Warning,5d456d6c-ad71-420c-b6d8-4d9cd0324f86,Found invalid tables saving file:5d456d6c-ad71-420c-b6d8-4d9cd0324f86.md
Warning,5dcccc2d-efb0-4e7d-9f14-34435fac8dde,Found a an ul list inside a table in html file:5dcccc2d-efb0-4e7d-9f14-34435fac8dde.xml
Warning,5dda3efd-0f84-4848-819e-87b1551066b1,Found nested table in md file:5dda3efd-0f84-4848-819e-87b1551066b1.md
Warning,5dda3efd-0f84-4848-819e-87b1551066b1,Fixing missing end table tag in file:5dda3efd-0f84-4848-819e-87b1551066b1.md
Warning,5dda3efd-0f84-4848-819e-87b1551066b1,Found invalid tables saving file:5dda3efd-0f84-4848-819e-87b1551066b1.md
Warning,60f7fcd2-5efe-4791-b159-b0f9bf39a41b,Found nested table in md file:60f7fcd2-5efe-4791-b159-b0f9bf39a41b.md
Warning,60f7fcd2-5efe-4791-b159-b0f9bf39a41b,Fixing missing end table tag in file:60f7fcd2-5efe-4791-b159-b0f9bf39a41b.md
Warning,60f7fcd2-5efe-4791-b159-b0f9bf39a41b,Found invalid tables saving file:60f7fcd2-5efe-4791-b159-b0f9bf39a41b.md
Warning,61e2db3c-9f10-4411-8e7e-c6950faf8533,Found a an ul list inside a table in html file:61e2db3c-9f10-4411-8e7e-c6950faf8533.xml
Warning,61f6deea-e3ef-4468-9be8-a65705815ebb,Found a an ul list inside a table in html file:61f6deea-e3ef-4468-9be8-a65705815ebb.xml
Warning,62b3866a-0759-4b1f-99ec-5a68d6a74f00,Found nested table in md file:62b3866a-0759-4b1f-99ec-5a68d6a74f00.md
Warning,62b3866a-0759-4b1f-99ec-5a68d6a74f00,Fixing missing end table tag in file:62b3866a-0759-4b1f-99ec-5a68d6a74f00.md
Warning,62b3866a-0759-4b1f-99ec-5a68d6a74f00,Found invalid tables saving file:62b3866a-0759-4b1f-99ec-5a68d6a74f00.md
Warning,62f54812-5700-45a3-8526-8f58b0f77fbc,Found a an ul list inside a table in html file:62f54812-5700-45a3-8526-8f58b0f77fbc.xml
Warning,630682c6-9262-46c5-9af1-6193db70374b,Found nested table in md file:630682c6-9262-46c5-9af1-6193db70374b.md
Warning,630682c6-9262-46c5-9af1-6193db70374b,Fixing missing end table tag in file:630682c6-9262-46c5-9af1-6193db70374b.md
Warning,630682c6-9262-46c5-9af1-6193db70374b,Found invalid tables saving file:630682c6-9262-46c5-9af1-6193db70374b.md
Warning,6498235b-2fa9-421d-bfa0-0ccc09508dbd,Found a an ul list inside a table in html file:6498235b-2fa9-421d-bfa0-0ccc09508dbd.xml
Warning,67b91de4-6ddc-43e6-9812-5e1aa84a7980,Found a an ul list inside a table in html file:67b91de4-6ddc-43e6-9812-5e1aa84a7980.xml
Warning,6a93ae95-3b64-410b-ab72-74dea232f065,Found a an ul list inside a table in html file:6a93ae95-3b64-410b-ab72-74dea232f065.xml
Warning,6b06e7ab-522f-41a2-878b-e89cd4e3c6da,Found nested table in md file:6b06e7ab-522f-41a2-878b-e89cd4e3c6da.md
Warning,6b06e7ab-522f-41a2-878b-e89cd4e3c6da,Fixing missing end table tag in file:6b06e7ab-522f-41a2-878b-e89cd4e3c6da.md
Warning,6b06e7ab-522f-41a2-878b-e89cd4e3c6da,Found invalid tables saving file:6b06e7ab-522f-41a2-878b-e89cd4e3c6da.md
Warning,6c505be5-5af7-450c-b3ca-10d9122bee5c,Found nested table in md file:6c505be5-5af7-450c-b3ca-10d9122bee5c.md
Warning,6c505be5-5af7-450c-b3ca-10d9122bee5c,Fixing missing end table tag in file:6c505be5-5af7-450c-b3ca-10d9122bee5c.md
Warning,6c505be5-5af7-450c-b3ca-10d9122bee5c,Found invalid tables saving file:6c505be5-5af7-450c-b3ca-10d9122bee5c.md
Warning,6c8c422a-d501-42cb-820b-b002f9b2250b,Found nested table in md file:6c8c422a-d501-42cb-820b-b002f9b2250b.md
Warning,6c8c422a-d501-42cb-820b-b002f9b2250b,Fixing missing end table tag in file:6c8c422a-d501-42cb-820b-b002f9b2250b.md
Warning,6c8c422a-d501-42cb-820b-b002f9b2250b,Found invalid tables saving file:6c8c422a-d501-42cb-820b-b002f9b2250b.md
Warning,6cc333e7-4029-4372-86b2-016040c415fb,Found a an ul list inside a table in html file:6cc333e7-4029-4372-86b2-016040c415fb.xml
Warning,6d47426f-6559-407b-9ac1-2453f0b7a2a2,Found nested table in md file:6d47426f-6559-407b-9ac1-2453f0b7a2a2.md
Warning,6d47426f-6559-407b-9ac1-2453f0b7a2a2,Fixing missing end table tag in file:6d47426f-6559-407b-9ac1-2453f0b7a2a2.md
Warning,6d47426f-6559-407b-9ac1-2453f0b7a2a2,Found invalid tables saving file:6d47426f-6559-407b-9ac1-2453f0b7a2a2.md
Warning,6de6680e-5f47-48e6-8e06-4994d710ea6d,Found a an ul list inside a table in html file:6de6680e-5f47-48e6-8e06-4994d710ea6d.xml
Warning,6f417569-b100-442c-ad48-fdd794626cf7,Found nested table in md file:6f417569-b100-442c-ad48-fdd794626cf7.md
Warning,6f417569-b100-442c-ad48-fdd794626cf7,Fixing missing end table tag in file:6f417569-b100-442c-ad48-fdd794626cf7.md
Warning,6f417569-b100-442c-ad48-fdd794626cf7,Fixing missing end table tag in file:6f417569-b100-442c-ad48-fdd794626cf7.md
Warning,6f417569-b100-442c-ad48-fdd794626cf7,Fixing missing end table tag in file:6f417569-b100-442c-ad48-fdd794626cf7.md
Warning,6f417569-b100-442c-ad48-fdd794626cf7,Found invalid tables saving file:6f417569-b100-442c-ad48-fdd794626cf7.md
Warning,70224520-b5c8-4940-a08e-7fb9b1adde8d,Found a an ol list inside a table in html file:70224520-b5c8-4940-a08e-7fb9b1adde8d.xml
Warning,70eec03c-aca3-4106-86a7-77ae96b53779,Found nested table in md file:70eec03c-aca3-4106-86a7-77ae96b53779.md
Warning,70eec03c-aca3-4106-86a7-77ae96b53779,Fixing missing end table tag in file:70eec03c-aca3-4106-86a7-77ae96b53779.md
Warning,70eec03c-aca3-4106-86a7-77ae96b53779,Found invalid tables saving file:70eec03c-aca3-4106-86a7-77ae96b53779.md
Warning,7137fc06-fca2-4e5f-9db5-10c7c29a788c,Found a an ul list inside a table in html file:7137fc06-fca2-4e5f-9db5-10c7c29a788c.xml
Warning,713fc263-23dd-414a-b001-82932e4fe966,Found a an ol list inside a table in html file:713fc263-23dd-414a-b001-82932e4fe966.xml
Warning,72c66249-c4ce-48ce-b1b9-90ebf77d7805,Found a an ul list inside a table in html file:72c66249-c4ce-48ce-b1b9-90ebf77d7805.xml
Warning,7479734d-be01-40d9-ad82-320a09d19d04,Found a an ul list inside a table in html file:7479734d-be01-40d9-ad82-320a09d19d04.xml
Warning,7479734d-be01-40d9-ad82-320a09d19d04,Found nested table in md file:7479734d-be01-40d9-ad82-320a09d19d04.md
Warning,7479734d-be01-40d9-ad82-320a09d19d04,Fixing missing end table tag in file:7479734d-be01-40d9-ad82-320a09d19d04.md
Warning,7479734d-be01-40d9-ad82-320a09d19d04,Found invalid tables saving file:7479734d-be01-40d9-ad82-320a09d19d04.md
Warning,747b701e-7f97-46fe-91c5-1e8d9addf9f7,Found a an ul list inside a table in html file:747b701e-7f97-46fe-91c5-1e8d9addf9f7.xml
Warning,761f46bd-2e14-4f40-82b9-afa1eaa816b0,Found nested table in md file:761f46bd-2e14-4f40-82b9-afa1eaa816b0.md
Warning,761f46bd-2e14-4f40-82b9-afa1eaa816b0,Fixing missing end table tag in file:761f46bd-2e14-4f40-82b9-afa1eaa816b0.md
Warning,761f46bd-2e14-4f40-82b9-afa1eaa816b0,Found invalid tables saving file:761f46bd-2e14-4f40-82b9-afa1eaa816b0.md
Warning,766d9286-2c34-4faf-bb3e-f0ca478a70cf,Missing tables headers in file:766d9286-2c34-4faf-bb3e-f0ca478a70cf.md
Warning,77a08234-6bcf-4f59-b43b-ee5fc1926585,Found a an ol list inside a table in html file:77a08234-6bcf-4f59-b43b-ee5fc1926585.xml
Warning,77a08234-6bcf-4f59-b43b-ee5fc1926585,Missing tables headers in file:77a08234-6bcf-4f59-b43b-ee5fc1926585.md
Warning,77a08234-6bcf-4f59-b43b-ee5fc1926585,Found nested table in md file:77a08234-6bcf-4f59-b43b-ee5fc1926585.md
Warning,77a08234-6bcf-4f59-b43b-ee5fc1926585,Fixing missing end table tag in file:77a08234-6bcf-4f59-b43b-ee5fc1926585.md
Warning,77a08234-6bcf-4f59-b43b-ee5fc1926585,Found invalid tables saving file:77a08234-6bcf-4f59-b43b-ee5fc1926585.md
Warning,77c4dfae-1b29-4e81-ba05-609e61643998,Found a an ul list inside a table in html file:77c4dfae-1b29-4e81-ba05-609e61643998.xml
Warning,783d2508-e31f-4b54-be0c-63aa5ec21c04,Found a an ul list inside a table in html file:783d2508-e31f-4b54-be0c-63aa5ec21c04.xml
Warning,783d2508-e31f-4b54-be0c-63aa5ec21c04,Missing tables headers in file:783d2508-e31f-4b54-be0c-63aa5ec21c04.md
Warning,783d2508-e31f-4b54-be0c-63aa5ec21c04,Found nested table in md file:783d2508-e31f-4b54-be0c-63aa5ec21c04.md
Warning,783d2508-e31f-4b54-be0c-63aa5ec21c04,Fixing missing end table tag in file:783d2508-e31f-4b54-be0c-63aa5ec21c04.md
Warning,783d2508-e31f-4b54-be0c-63aa5ec21c04,Found invalid tables saving file:783d2508-e31f-4b54-be0c-63aa5ec21c04.md
Warning,79a24502-b4ce-41f0-8979-8caddf535338,Found a an ul list inside a table in html file:79a24502-b4ce-41f0-8979-8caddf535338.xml
Warning,7a850cd5-c789-4795-a8ff-083be21ae784,Missing tables headers in file:7a850cd5-c789-4795-a8ff-083be21ae784.md
Warning,7b6da49b-ac72-4ab0-8957-166e330b38fa,Found a an ul list inside a table in html file:7b6da49b-ac72-4ab0-8957-166e330b38fa.xml
Warning,7b83eae4-aa1a-4cc6-8077-42176d56cab5,Found nested table in md file:7b83eae4-aa1a-4cc6-8077-42176d56cab5.md
Warning,7b83eae4-aa1a-4cc6-8077-42176d56cab5,Fixing missing end table tag in file:7b83eae4-aa1a-4cc6-8077-42176d56cab5.md
Warning,7b83eae4-aa1a-4cc6-8077-42176d56cab5,Found invalid tables saving file:7b83eae4-aa1a-4cc6-8077-42176d56cab5.md
Warning,7bf70a49-a6db-4c93-bcbf-182e171a98e6,Missing tables headers in file:7bf70a49-a6db-4c93-bcbf-182e171a98e6.md
Warning,7d68b09c-9ea0-43bd-997c-df887869d607,Found a an ul list inside a table in html file:7d68b09c-9ea0-43bd-997c-df887869d607.xml
Warning,7e128eef-9ada-49b4-940f-97d7d13f1e4a,Found nested table in md file:7e128eef-9ada-49b4-940f-97d7d13f1e4a.md
Warning,7e128eef-9ada-49b4-940f-97d7d13f1e4a,Fixing missing end table tag in file:7e128eef-9ada-49b4-940f-97d7d13f1e4a.md
Warning,7e128eef-9ada-49b4-940f-97d7d13f1e4a,Found invalid tables saving file:7e128eef-9ada-49b4-940f-97d7d13f1e4a.md
Warning,7e56a169-3e63-44ab-bf28-1fdeb52381c8,Found a an ul list inside a table in html file:7e56a169-3e63-44ab-bf28-1fdeb52381c8.xml
Warning,7ed0ed20-33ad-4253-926d-21d392590ae7,Found a an ul list inside a table in html file:7ed0ed20-33ad-4253-926d-21d392590ae7.xml
Warning,81d97420-428b-41b7-91ef-185d572d3456,Found nested table in md file:81d97420-428b-41b7-91ef-185d572d3456.md
Warning,81d97420-428b-41b7-91ef-185d572d3456,Fixing missing end table tag in file:81d97420-428b-41b7-91ef-185d572d3456.md
Warning,81d97420-428b-41b7-91ef-185d572d3456,Found invalid tables saving file:81d97420-428b-41b7-91ef-185d572d3456.md
Warning,829ac017-6907-40f9-be22-787a28eae0ac,Found a an ul list inside a table in html file:829ac017-6907-40f9-be22-787a28eae0ac.xml
Warning,8318a1a4-b423-47b7-95e6-9541adfad391,Found nested table in md file:8318a1a4-b423-47b7-95e6-9541adfad391.md
Warning,8341d801-bfa1-4c5b-9b80-5d503deebaf7,Found nested table in md file:8341d801-bfa1-4c5b-9b80-5d503deebaf7.md
Warning,8341d801-bfa1-4c5b-9b80-5d503deebaf7,Fixing missing end table tag in file:8341d801-bfa1-4c5b-9b80-5d503deebaf7.md
Warning,8341d801-bfa1-4c5b-9b80-5d503deebaf7,Found invalid tables saving file:8341d801-bfa1-4c5b-9b80-5d503deebaf7.md
Warning,844bf8d5-e093-4dcd-abcf-48dc70e8c73c,Found nested table in md file:844bf8d5-e093-4dcd-abcf-48dc70e8c73c.md
Warning,844bf8d5-e093-4dcd-abcf-48dc70e8c73c,Fixing missing end table tag in file:844bf8d5-e093-4dcd-abcf-48dc70e8c73c.md
Warning,844bf8d5-e093-4dcd-abcf-48dc70e8c73c,Found invalid tables saving file:844bf8d5-e093-4dcd-abcf-48dc70e8c73c.md
Warning,87be2fe2-1d56-4062-b430-439d4536414c,Found a an ul list inside a table in html file:87be2fe2-1d56-4062-b430-439d4536414c.xml
Warning,88d1c149-5842-4ecf-a15e-fcda0330325b,Found a an ul list inside a table in html file:88d1c149-5842-4ecf-a15e-fcda0330325b.xml
Warning,894a9f3e-7cba-4915-8fdf-e52f2f25126f,Found a an ul list inside a table in html file:894a9f3e-7cba-4915-8fdf-e52f2f25126f.xml
Warning,8a51fd13-1487-4632-b5ec-f7ae2abe8ed4,Found a an ul list inside a table in html file:8a51fd13-1487-4632-b5ec-f7ae2abe8ed4.xml
Warning,8a64f0fe-1e79-47d8-835e-548d7ac0757e,Fixing missing end table tag in file:8a64f0fe-1e79-47d8-835e-548d7ac0757e.md
Warning,8a64f0fe-1e79-47d8-835e-548d7ac0757e,Fixing missing end table tag in file:8a64f0fe-1e79-47d8-835e-548d7ac0757e.md
Warning,8a64f0fe-1e79-47d8-835e-548d7ac0757e,Fixing missing end table tag in file:8a64f0fe-1e79-47d8-835e-548d7ac0757e.md
Warning,8a64f0fe-1e79-47d8-835e-548d7ac0757e,Found invalid tables saving file:8a64f0fe-1e79-47d8-835e-548d7ac0757e.md
Warning,8b86740e-db95-4304-bb83-64d0cbb91d47,Missing tables headers in file:8b86740e-db95-4304-bb83-64d0cbb91d47.md
Warning,8bd16363-5e18-4e4b-be99-b3e6457b4c99,Found nested table in md file:8bd16363-5e18-4e4b-be99-b3e6457b4c99.md
Warning,8bd16363-5e18-4e4b-be99-b3e6457b4c99,Fixing missing end table tag in file:8bd16363-5e18-4e4b-be99-b3e6457b4c99.md
Warning,8bd16363-5e18-4e4b-be99-b3e6457b4c99,Found invalid tables saving file:8bd16363-5e18-4e4b-be99-b3e6457b4c99.md
Warning,8bd59ad6-3087-49c8-b692-5573fe2ffcd8,Found a an ul list inside a table in html file:8bd59ad6-3087-49c8-b692-5573fe2ffcd8.xml
Warning,8d21db9b-10d1-4b43-b057-0deb1df1c205,Found nested table in md file:8d21db9b-10d1-4b43-b057-0deb1df1c205.md
Warning,8d21db9b-10d1-4b43-b057-0deb1df1c205,Fixing missing end table tag in file:8d21db9b-10d1-4b43-b057-0deb1df1c205.md
Warning,8d21db9b-10d1-4b43-b057-0deb1df1c205,Found invalid tables saving file:8d21db9b-10d1-4b43-b057-0deb1df1c205.md
Warning,8e2f0862-4dfa-4c2b-bf8d-ad71419f15d2,Found a an ul list inside a table in html file:8e2f0862-4dfa-4c2b-bf8d-ad71419f15d2.xml
Warning,8f5ca7d1-1ccb-4cb0-b417-730559e79b6e,Found nested table in md file:8f5ca7d1-1ccb-4cb0-b417-730559e79b6e.md
Warning,8f5ca7d1-1ccb-4cb0-b417-730559e79b6e,Fixing missing end table tag in file:8f5ca7d1-1ccb-4cb0-b417-730559e79b6e.md
Warning,8f5ca7d1-1ccb-4cb0-b417-730559e79b6e,Found invalid tables saving file:8f5ca7d1-1ccb-4cb0-b417-730559e79b6e.md
Warning,8f68f4c2-3194-487c-bd2f-fbe71ba8ad70,Found a an ul list inside a table in html file:8f68f4c2-3194-487c-bd2f-fbe71ba8ad70.xml
Warning,8f68f4c2-3194-487c-bd2f-fbe71ba8ad70,Found nested table in md file:8f68f4c2-3194-487c-bd2f-fbe71ba8ad70.md
Warning,8f68f4c2-3194-487c-bd2f-fbe71ba8ad70,Fixing missing end table tag in file:8f68f4c2-3194-487c-bd2f-fbe71ba8ad70.md
Warning,8f68f4c2-3194-487c-bd2f-fbe71ba8ad70,Fixing missing end table tag in file:8f68f4c2-3194-487c-bd2f-fbe71ba8ad70.md
Warning,8f68f4c2-3194-487c-bd2f-fbe71ba8ad70,Found invalid tables saving file:8f68f4c2-3194-487c-bd2f-fbe71ba8ad70.md
Warning,902ab23e-94d6-482a-9d6e-c0b28dc3e03d,Found a an ul list inside a table in html file:902ab23e-94d6-482a-9d6e-c0b28dc3e03d.xml
Warning,902ab23e-94d6-482a-9d6e-c0b28dc3e03d,Missing tables headers in file:902ab23e-94d6-482a-9d6e-c0b28dc3e03d.md
Warning,902ab23e-94d6-482a-9d6e-c0b28dc3e03d,Found nested table in md file:902ab23e-94d6-482a-9d6e-c0b28dc3e03d.md
Warning,902ab23e-94d6-482a-9d6e-c0b28dc3e03d,Fixing missing end table tag in file:902ab23e-94d6-482a-9d6e-c0b28dc3e03d.md
Warning,902ab23e-94d6-482a-9d6e-c0b28dc3e03d,Fixing missing end table tag in file:902ab23e-94d6-482a-9d6e-c0b28dc3e03d.md
Warning,902ab23e-94d6-482a-9d6e-c0b28dc3e03d,Found invalid tables saving file:902ab23e-94d6-482a-9d6e-c0b28dc3e03d.md
Warning,9091de56-13e6-440e-9353-f57c10c906fe,Found a an ul list inside a table in html file:9091de56-13e6-440e-9353-f57c10c906fe.xml
Warning,91372888-a96e-44db-a0dc-d08facbfce87,Fixing missing end table tag in file:91372888-a96e-44db-a0dc-d08facbfce87.md
Warning,91372888-a96e-44db-a0dc-d08facbfce87,Fixing missing end table tag in file:91372888-a96e-44db-a0dc-d08facbfce87.md
Warning,91372888-a96e-44db-a0dc-d08facbfce87,Fixing missing end table tag in file:91372888-a96e-44db-a0dc-d08facbfce87.md
Warning,91372888-a96e-44db-a0dc-d08facbfce87,Fixing missing end table tag in file:91372888-a96e-44db-a0dc-d08facbfce87.md
Warning,91372888-a96e-44db-a0dc-d08facbfce87,Found invalid tables saving file:91372888-a96e-44db-a0dc-d08facbfce87.md
Warning,914636cc-d420-4305-a0e5-5e82db1c8c4c,Fixing missing end table tag in file:914636cc-d420-4305-a0e5-5e82db1c8c4c.md
Warning,914636cc-d420-4305-a0e5-5e82db1c8c4c,Found invalid tables saving file:914636cc-d420-4305-a0e5-5e82db1c8c4c.md
Warning,91b84b67-965c-45c0-808c-bab680a5e10a,Found a an ul list inside a table in html file:91b84b67-965c-45c0-808c-bab680a5e10a.xml
Warning,92f691cd-e05e-4bab-beb5-251d4b837a19,Found nested table in md file:92f691cd-e05e-4bab-beb5-251d4b837a19.md
Warning,92f691cd-e05e-4bab-beb5-251d4b837a19,Fixing missing end table tag in file:92f691cd-e05e-4bab-beb5-251d4b837a19.md
Warning,92f691cd-e05e-4bab-beb5-251d4b837a19,Found invalid tables saving file:92f691cd-e05e-4bab-beb5-251d4b837a19.md
Warning,933d6351-cfa6-4432-b3ed-1aff3ac92065,Found a an ul list inside a table in html file:933d6351-cfa6-4432-b3ed-1aff3ac92065.xml
Warning,933d6351-cfa6-4432-b3ed-1aff3ac92065,Found nested table in md file:933d6351-cfa6-4432-b3ed-1aff3ac92065.md
Warning,933d6351-cfa6-4432-b3ed-1aff3ac92065,Fixing missing end table tag in file:933d6351-cfa6-4432-b3ed-1aff3ac92065.md
Warning,933d6351-cfa6-4432-b3ed-1aff3ac92065,Fixing missing end table tag in file:933d6351-cfa6-4432-b3ed-1aff3ac92065.md
Warning,933d6351-cfa6-4432-b3ed-1aff3ac92065,Found invalid tables saving file:933d6351-cfa6-4432-b3ed-1aff3ac92065.md
Warning,942bb39a-1790-498e-9d99-8f6ce2d155c3,Found a an ul list inside a table in html file:942bb39a-1790-498e-9d99-8f6ce2d155c3.xml
Warning,942bb39a-1790-498e-9d99-8f6ce2d155c3,Fixing missing end table tag in file:942bb39a-1790-498e-9d99-8f6ce2d155c3.md
Warning,942bb39a-1790-498e-9d99-8f6ce2d155c3,Fixing missing end table tag in file:942bb39a-1790-498e-9d99-8f6ce2d155c3.md
Warning,942bb39a-1790-498e-9d99-8f6ce2d155c3,Fixing missing end table tag in file:942bb39a-1790-498e-9d99-8f6ce2d155c3.md
Warning,942bb39a-1790-498e-9d99-8f6ce2d155c3,Fixing missing end table tag in file:942bb39a-1790-498e-9d99-8f6ce2d155c3.md
Warning,942bb39a-1790-498e-9d99-8f6ce2d155c3,Fixing missing end table tag in file:942bb39a-1790-498e-9d99-8f6ce2d155c3.md
Warning,942bb39a-1790-498e-9d99-8f6ce2d155c3,Found invalid tables saving file:942bb39a-1790-498e-9d99-8f6ce2d155c3.md
Warning,95eb3693-b866-4652-bc45-9b75fdb40b49,Found nested table in md file:95eb3693-b866-4652-bc45-9b75fdb40b49.md
Warning,95eb3693-b866-4652-bc45-9b75fdb40b49,Fixing missing end table tag in file:95eb3693-b866-4652-bc45-9b75fdb40b49.md
Warning,95eb3693-b866-4652-bc45-9b75fdb40b49,Found invalid tables saving file:95eb3693-b866-4652-bc45-9b75fdb40b49.md
Warning,9627a7e2-28cc-429c-b79b-7c7a27573bb7,Could not Add new line after images in md file:9627a7e2-28cc-429c-b79b-7c7a27573bb7.md
Warning,9739f9f0-7a37-4844-91d5-f089d2011013,Found a an ul list inside a table in html file:9739f9f0-7a37-4844-91d5-f089d2011013.xml
Warning,983a272a-e1b3-4d70-8f84-836b092fe526,Found a an ul list inside a table in html file:983a272a-e1b3-4d70-8f84-836b092fe526.xml
Warning,9908ebe0-e5d3-4920-b9b1-85021f7e69e9,Found nested table in md file:9908ebe0-e5d3-4920-b9b1-85021f7e69e9.md
Warning,9908ebe0-e5d3-4920-b9b1-85021f7e69e9,Fixing missing end table tag in file:9908ebe0-e5d3-4920-b9b1-85021f7e69e9.md
Warning,9908ebe0-e5d3-4920-b9b1-85021f7e69e9,Found invalid tables saving file:9908ebe0-e5d3-4920-b9b1-85021f7e69e9.md
Warning,99dd6b65-e591-421f-852b-ee9fe9588998,Found a an ul list inside a table in html file:99dd6b65-e591-421f-852b-ee9fe9588998.xml
Warning,99dd6b65-e591-421f-852b-ee9fe9588998,Found nested table in md file:99dd6b65-e591-421f-852b-ee9fe9588998.md
Warning,99dd6b65-e591-421f-852b-ee9fe9588998,Fixing missing end table tag in file:99dd6b65-e591-421f-852b-ee9fe9588998.md
Warning,99dd6b65-e591-421f-852b-ee9fe9588998,Found invalid tables saving file:99dd6b65-e591-421f-852b-ee9fe9588998.md
Warning,9b006f93-4f3d-461d-89b8-e80a34fdb3c5,Found a an ul list inside a table in html file:9b006f93-4f3d-461d-89b8-e80a34fdb3c5.xml
Warning,9b0fc954-6f9c-411a-ab32-94ebabc42de2,Found nested table in md file:9b0fc954-6f9c-411a-ab32-94ebabc42de2.md
Warning,9b0fc954-6f9c-411a-ab32-94ebabc42de2,Fixing missing end table tag in file:9b0fc954-6f9c-411a-ab32-94ebabc42de2.md
Warning,9b0fc954-6f9c-411a-ab32-94ebabc42de2,Found invalid tables saving file:9b0fc954-6f9c-411a-ab32-94ebabc42de2.md
Warning,9c8d3ebe-0d70-4a61-9bd0-522286cddd9a,Found a an ul list inside a table in html file:9c8d3ebe-0d70-4a61-9bd0-522286cddd9a.xml
Warning,9c8d3ebe-0d70-4a61-9bd0-522286cddd9a,Found nested table in md file:9c8d3ebe-0d70-4a61-9bd0-522286cddd9a.md
Warning,9c8d3ebe-0d70-4a61-9bd0-522286cddd9a,Fixing missing end table tag in file:9c8d3ebe-0d70-4a61-9bd0-522286cddd9a.md
Warning,9c8d3ebe-0d70-4a61-9bd0-522286cddd9a,Fixing missing end table tag in file:9c8d3ebe-0d70-4a61-9bd0-522286cddd9a.md
Warning,9c8d3ebe-0d70-4a61-9bd0-522286cddd9a,Found invalid tables saving file:9c8d3ebe-0d70-4a61-9bd0-522286cddd9a.md
Warning,9e00aaf4-15f9-4356-9ed7-5a58a2bfa043,Found a an ul list inside a table in html file:9e00aaf4-15f9-4356-9ed7-5a58a2bfa043.xml
Warning,9e923e72-83fc-4a4f-8937-28a55739ed3e,Found a an ul list inside a table in html file:9e923e72-83fc-4a4f-8937-28a55739ed3e.xml
Warning,9e923e72-83fc-4a4f-8937-28a55739ed3e,Fixing missing end table tag in file:9e923e72-83fc-4a4f-8937-28a55739ed3e.md
Warning,9e923e72-83fc-4a4f-8937-28a55739ed3e,Fixing missing end table tag in file:9e923e72-83fc-4a4f-8937-28a55739ed3e.md
Warning,9e923e72-83fc-4a4f-8937-28a55739ed3e,Fixing missing end table tag in file:9e923e72-83fc-4a4f-8937-28a55739ed3e.md
Warning,9e923e72-83fc-4a4f-8937-28a55739ed3e,Fixing missing end table tag in file:9e923e72-83fc-4a4f-8937-28a55739ed3e.md
Warning,9e923e72-83fc-4a4f-8937-28a55739ed3e,Found invalid tables saving file:9e923e72-83fc-4a4f-8937-28a55739ed3e.md
Warning,9eae6a54-69fd-4966-aa17-7ecee1297ad8,Found a an ul list inside a table in html file:9eae6a54-69fd-4966-aa17-7ecee1297ad8.xml
Warning,a087d77e-c59e-44f5-9caa-ccfd41be7276,Found nested table in md file:a087d77e-c59e-44f5-9caa-ccfd41be7276.md
Warning,a087d77e-c59e-44f5-9caa-ccfd41be7276,Fixing missing end table tag in file:a087d77e-c59e-44f5-9caa-ccfd41be7276.md
Warning,a087d77e-c59e-44f5-9caa-ccfd41be7276,Found invalid tables saving file:a087d77e-c59e-44f5-9caa-ccfd41be7276.md
Warning,a0f3f5c6-f115-4c3f-90ac-5fdc932b417e,Found nested table in md file:a0f3f5c6-f115-4c3f-90ac-5fdc932b417e.md
Warning,a0f3f5c6-f115-4c3f-90ac-5fdc932b417e,Fixing missing end table tag in file:a0f3f5c6-f115-4c3f-90ac-5fdc932b417e.md
Warning,a0f3f5c6-f115-4c3f-90ac-5fdc932b417e,Found invalid tables saving file:a0f3f5c6-f115-4c3f-90ac-5fdc932b417e.md
Warning,a102b226-0460-4d5c-82f9-79b8444fa958,Found a an ul list inside a table in html file:a102b226-0460-4d5c-82f9-79b8444fa958.xml
Warning,a1d7187c-f851-4967-88ea-73922911ee7a,Found a an ul list inside a table in html file:a1d7187c-f851-4967-88ea-73922911ee7a.xml
Warning,a2d3e08b-511b-4507-abba-8ff71aa27c8e,Found a an ul list inside a table in html file:a2d3e08b-511b-4507-abba-8ff71aa27c8e.xml
Warning,a31d2961-aa83-4286-a12e-15d279c95f19,Found a an ul list inside a table in html file:a31d2961-aa83-4286-a12e-15d279c95f19.xml
Warning,a4d0c070-4df2-47df-a1e2-6ce62600a287,Fixing missing end table tag in file:a4d0c070-4df2-47df-a1e2-6ce62600a287.md
Warning,a4d0c070-4df2-47df-a1e2-6ce62600a287,Fixing missing end table tag in file:a4d0c070-4df2-47df-a1e2-6ce62600a287.md
Warning,a4d0c070-4df2-47df-a1e2-6ce62600a287,Found invalid tables saving file:a4d0c070-4df2-47df-a1e2-6ce62600a287.md
Warning,a50d4f7b-63f4-4663-af63-56ca87e4e3e7,Found nested table in md file:a50d4f7b-63f4-4663-af63-56ca87e4e3e7.md
Warning,a50d4f7b-63f4-4663-af63-56ca87e4e3e7,Fixing missing end table tag in file:a50d4f7b-63f4-4663-af63-56ca87e4e3e7.md
Warning,a50d4f7b-63f4-4663-af63-56ca87e4e3e7,Found invalid tables saving file:a50d4f7b-63f4-4663-af63-56ca87e4e3e7.md
Warning,a6445a83-a94b-423f-ba2a-12b5f84c5d75,Found a an ol list inside a table in html file:a6445a83-a94b-423f-ba2a-12b5f84c5d75.xml
Warning,a6851e38-ba9a-4f19-9aa7-d8accf4d62b3,Found a an ul list inside a table in html file:a6851e38-ba9a-4f19-9aa7-d8accf4d62b3.xml
Warning,a6851e38-ba9a-4f19-9aa7-d8accf4d62b3,Found nested table in md file:a6851e38-ba9a-4f19-9aa7-d8accf4d62b3.md
Warning,a6851e38-ba9a-4f19-9aa7-d8accf4d62b3,Fixing missing end table tag in file:a6851e38-ba9a-4f19-9aa7-d8accf4d62b3.md
Warning,a6851e38-ba9a-4f19-9aa7-d8accf4d62b3,Fixing missing end table tag in file:a6851e38-ba9a-4f19-9aa7-d8accf4d62b3.md
Warning,a6851e38-ba9a-4f19-9aa7-d8accf4d62b3,Found invalid tables saving file:a6851e38-ba9a-4f19-9aa7-d8accf4d62b3.md
Warning,a6d04f0b-5cb8-4084-a3a2-d501938971f9,Found a an ol list inside a table in html file:a6d04f0b-5cb8-4084-a3a2-d501938971f9.xml
Warning,a6d04f0b-5cb8-4084-a3a2-d501938971f9,Found nested table in md file:a6d04f0b-5cb8-4084-a3a2-d501938971f9.md
Warning,a6d04f0b-5cb8-4084-a3a2-d501938971f9,Fixing missing end table tag in file:a6d04f0b-5cb8-4084-a3a2-d501938971f9.md
Warning,a6d04f0b-5cb8-4084-a3a2-d501938971f9,Found invalid tables saving file:a6d04f0b-5cb8-4084-a3a2-d501938971f9.md
Warning,a78a048f-d413-4bee-8626-d62b8b74f811,Found nested table in md file:a78a048f-d413-4bee-8626-d62b8b74f811.md
Warning,a78a048f-d413-4bee-8626-d62b8b74f811,Fixing missing end table tag in file:a78a048f-d413-4bee-8626-d62b8b74f811.md
Warning,a78a048f-d413-4bee-8626-d62b8b74f811,Found invalid tables saving file:a78a048f-d413-4bee-8626-d62b8b74f811.md
Warning,a7e5d792-f397-45e5-af85-20d0f4bf405f,Found nested table in md file:a7e5d792-f397-45e5-af85-20d0f4bf405f.md
Warning,a7e5d792-f397-45e5-af85-20d0f4bf405f,Fixing missing end table tag in file:a7e5d792-f397-45e5-af85-20d0f4bf405f.md
Warning,a7e5d792-f397-45e5-af85-20d0f4bf405f,Found invalid tables saving file:a7e5d792-f397-45e5-af85-20d0f4bf405f.md
Warning,a8443bc2-e234-4022-870a-00700f38b1ea,Found nested table in md file:a8443bc2-e234-4022-870a-00700f38b1ea.md
Warning,a8443bc2-e234-4022-870a-00700f38b1ea,Fixing missing end table tag in file:a8443bc2-e234-4022-870a-00700f38b1ea.md
Warning,a8443bc2-e234-4022-870a-00700f38b1ea,Fixing missing end table tag in file:a8443bc2-e234-4022-870a-00700f38b1ea.md
Warning,a8443bc2-e234-4022-870a-00700f38b1ea,Found invalid tables saving file:a8443bc2-e234-4022-870a-00700f38b1ea.md
Warning,aa69e3ac-542a-4ba1-9582-2e6bee29f633,Found a an ol list inside a table in html file:aa69e3ac-542a-4ba1-9582-2e6bee29f633.xml
Warning,aa7d6b31-cb09-4e68-b020-aa5dd0081c20,Found a an ul list inside a table in html file:aa7d6b31-cb09-4e68-b020-aa5dd0081c20.xml
Warning,ac3a1046-b438-4e21-9d4f-3b0057dd685d,Found a an ul list inside a table in html file:ac3a1046-b438-4e21-9d4f-3b0057dd685d.xml
Warning,ac3a1046-b438-4e21-9d4f-3b0057dd685d,Found nested table in md file:ac3a1046-b438-4e21-9d4f-3b0057dd685d.md
Warning,ac3a1046-b438-4e21-9d4f-3b0057dd685d,Fixing missing end table tag in file:ac3a1046-b438-4e21-9d4f-3b0057dd685d.md
Warning,ac3a1046-b438-4e21-9d4f-3b0057dd685d,Found invalid tables saving file:ac3a1046-b438-4e21-9d4f-3b0057dd685d.md
Warning,ad22f731-118c-4349-8790-b1a72941cbdd,Found a an ul list inside a table in html file:ad22f731-118c-4349-8790-b1a72941cbdd.xml
Warning,ae5305ba-e5fc-4ca0-a805-872b4ebaf981,Found nested table in md file:ae5305ba-e5fc-4ca0-a805-872b4ebaf981.md
Warning,ae5305ba-e5fc-4ca0-a805-872b4ebaf981,Fixing missing end table tag in file:ae5305ba-e5fc-4ca0-a805-872b4ebaf981.md
Warning,ae5305ba-e5fc-4ca0-a805-872b4ebaf981,Found invalid tables saving file:ae5305ba-e5fc-4ca0-a805-872b4ebaf981.md
Warning,b009df76-9c22-471d-b57a-bda009a98261,Found a an ul list inside a table in html file:b009df76-9c22-471d-b57a-bda009a98261.xml
Warning,b009df76-9c22-471d-b57a-bda009a98261,Found nested table in md file:b009df76-9c22-471d-b57a-bda009a98261.md
Warning,b009df76-9c22-471d-b57a-bda009a98261,Fixing missing end table tag in file:b009df76-9c22-471d-b57a-bda009a98261.md
Warning,b009df76-9c22-471d-b57a-bda009a98261,Fixing missing end table tag in file:b009df76-9c22-471d-b57a-bda009a98261.md
Warning,b009df76-9c22-471d-b57a-bda009a98261,Found invalid tables saving file:b009df76-9c22-471d-b57a-bda009a98261.md
Warning,b1108f8f-88a2-4660-8086-d25ba76f7239,Found a an ul list inside a table in html file:b1108f8f-88a2-4660-8086-d25ba76f7239.xml
Warning,b12460c2-36c8-481f-b867-fe10dc1c0bdf,Missing tables headers in file:b12460c2-36c8-481f-b867-fe10dc1c0bdf.md
Warning,b48cc9a6-5232-48b5-bd20-53b68229336b,Found a an ol list inside a table in html file:b48cc9a6-5232-48b5-bd20-53b68229336b.xml
Warning,b564b450-a746-4ec9-aabb-e076309ccd5f,Found nested table in md file:b564b450-a746-4ec9-aabb-e076309ccd5f.md
Warning,b564b450-a746-4ec9-aabb-e076309ccd5f,Fixing missing end table tag in file:b564b450-a746-4ec9-aabb-e076309ccd5f.md
Warning,b564b450-a746-4ec9-aabb-e076309ccd5f,Found invalid tables saving file:b564b450-a746-4ec9-aabb-e076309ccd5f.md
Warning,b6301e98-051c-4e4b-8e10-ec922a8f508a,Found a an ul list inside a table in html file:b6301e98-051c-4e4b-8e10-ec922a8f508a.xml
Warning,b7fcf1b4-7a3f-4585-a6d9-95e7f030c7dc,Found a an ul list inside a table in html file:b7fcf1b4-7a3f-4585-a6d9-95e7f030c7dc.xml
Warning,b9493cef-6ece-4f13-bf68-dbf132aab4f4,Found a an ul list inside a table in html file:b9493cef-6ece-4f13-bf68-dbf132aab4f4.xml
Warning,ba28919c-fbbe-4c54-8bf9-2b0cd3fa39c7,Found a an ul list inside a table in html file:ba28919c-fbbe-4c54-8bf9-2b0cd3fa39c7.xml
Warning,ba28919c-fbbe-4c54-8bf9-2b0cd3fa39c7,Found nested table in md file:ba28919c-fbbe-4c54-8bf9-2b0cd3fa39c7.md
Warning,ba28919c-fbbe-4c54-8bf9-2b0cd3fa39c7,Fixing missing end table tag in file:ba28919c-fbbe-4c54-8bf9-2b0cd3fa39c7.md
Warning,ba28919c-fbbe-4c54-8bf9-2b0cd3fa39c7,Fixing missing end table tag in file:ba28919c-fbbe-4c54-8bf9-2b0cd3fa39c7.md
Warning,ba28919c-fbbe-4c54-8bf9-2b0cd3fa39c7,Found invalid tables saving file:ba28919c-fbbe-4c54-8bf9-2b0cd3fa39c7.md
Warning,bb13789c-7eda-461c-a387-02ea8ca4dabe,Found a an ul list inside a table in html file:bb13789c-7eda-461c-a387-02ea8ca4dabe.xml
Warning,bddcf0be-ebf3-46bc-90c7-2576877734fb,Found a an ul list inside a table in html file:bddcf0be-ebf3-46bc-90c7-2576877734fb.xml
Warning,bfabaf0b-9a42-4057-b729-a7ab9eee8c72,Found a an ul list inside a table in html file:bfabaf0b-9a42-4057-b729-a7ab9eee8c72.xml
Warning,c01e6774-bc9f-4c5b-a60b-478b7317b2b7,Found a an ul list inside a table in html file:c01e6774-bc9f-4c5b-a60b-478b7317b2b7.xml
Warning,c1b070c1-2c59-4ca9-910b-43f673f97fda,Found a an ul list inside a table in html file:c1b070c1-2c59-4ca9-910b-43f673f97fda.xml
Warning,c1d0b5a8-98ff-455a-b78b-a05a21cf066d,Found a an ul list inside a table in html file:c1d0b5a8-98ff-455a-b78b-a05a21cf066d.xml
Warning,c21198bc-520c-4d17-8b84-7ff1475b9b0a,Found a an ul list inside a table in html file:c21198bc-520c-4d17-8b84-7ff1475b9b0a.xml
Warning,c387b2a3-3e42-4642-af72-88126ed2820f,Found a an ul list inside a table in html file:c387b2a3-3e42-4642-af72-88126ed2820f.xml
Warning,c3da6271-b3c6-4898-894f-10456ec794d0,Found a an ul list inside a table in html file:c3da6271-b3c6-4898-894f-10456ec794d0.xml
Warning,c551371c-d740-4372-bada-f0d713ec0d33,Found a an ul list inside a table in html file:c551371c-d740-4372-bada-f0d713ec0d33.xml
Warning,c551371c-d740-4372-bada-f0d713ec0d33,Found nested table in md file:c551371c-d740-4372-bada-f0d713ec0d33.md
Warning,c551371c-d740-4372-bada-f0d713ec0d33,Fixing missing end table tag in file:c551371c-d740-4372-bada-f0d713ec0d33.md
Warning,c551371c-d740-4372-bada-f0d713ec0d33,Fixing missing end table tag in file:c551371c-d740-4372-bada-f0d713ec0d33.md
Warning,c551371c-d740-4372-bada-f0d713ec0d33,Found invalid tables saving file:c551371c-d740-4372-bada-f0d713ec0d33.md
Warning,c5801f48-14e3-4fdd-8f14-d52e7af07a57,Found a an ul list inside a table in html file:c5801f48-14e3-4fdd-8f14-d52e7af07a57.xml
Warning,c964c1c0-0153-472b-88ad-a38866e0df0c,Found a an ul list inside a table in html file:c964c1c0-0153-472b-88ad-a38866e0df0c.xml
Warning,c964c1c0-0153-472b-88ad-a38866e0df0c,Found nested table in md file:c964c1c0-0153-472b-88ad-a38866e0df0c.md
Warning,c964c1c0-0153-472b-88ad-a38866e0df0c,Fixing missing end table tag in file:c964c1c0-0153-472b-88ad-a38866e0df0c.md
Warning,c964c1c0-0153-472b-88ad-a38866e0df0c,Fixing missing end table tag in file:c964c1c0-0153-472b-88ad-a38866e0df0c.md
Warning,c964c1c0-0153-472b-88ad-a38866e0df0c,Found invalid tables saving file:c964c1c0-0153-472b-88ad-a38866e0df0c.md
Warning,ca5545bc-51ac-490f-b96b-917bb742ad04,Found nested table in md file:ca5545bc-51ac-490f-b96b-917bb742ad04.md
Warning,ca5545bc-51ac-490f-b96b-917bb742ad04,Fixing missing end table tag in file:ca5545bc-51ac-490f-b96b-917bb742ad04.md
Warning,ca5545bc-51ac-490f-b96b-917bb742ad04,Found invalid tables saving file:ca5545bc-51ac-490f-b96b-917bb742ad04.md
Warning,cb2f1551-1e21-4f13-a39d-91f5f9010ccf,Found a an ol list inside a table in html file:cb2f1551-1e21-4f13-a39d-91f5f9010ccf.xml
Warning,cc6a656a-6043-4b9b-85c2-5708b9bb1c06,Found a an ol list inside a table in html file:cc6a656a-6043-4b9b-85c2-5708b9bb1c06.xml
Warning,cdd2a652-6a0d-4728-9950-3fcaa7a80066,Found nested table in md file:cdd2a652-6a0d-4728-9950-3fcaa7a80066.md
Warning,cdd2a652-6a0d-4728-9950-3fcaa7a80066,Fixing missing end table tag in file:cdd2a652-6a0d-4728-9950-3fcaa7a80066.md
Warning,cdd2a652-6a0d-4728-9950-3fcaa7a80066,Fixing missing end table tag in file:cdd2a652-6a0d-4728-9950-3fcaa7a80066.md
Warning,cdd2a652-6a0d-4728-9950-3fcaa7a80066,Fixing missing end table tag in file:cdd2a652-6a0d-4728-9950-3fcaa7a80066.md
Warning,cdd2a652-6a0d-4728-9950-3fcaa7a80066,Found invalid tables saving file:cdd2a652-6a0d-4728-9950-3fcaa7a80066.md
Warning,ced79c13-4e7e-4034-95cd-6fc913f4f222,Found < > tag Bug 1235997:Support Request: MD conversion issue: not escaped tags causing missing content line:<p>A location identifier that helps users to easily see that their Lync client picked up the correct location. The Lync client automatically concatenates and displays the discovered <b>Location</b>  and <b>City</b>  fields in its header. A good practice is to add the street address of the building to each location identifier (for example- "1st Floor &lt;street number&gt;"). Without the street address- a generic location identifier such as "1st Floor" could apply to any building in the city.</p> in md file:ced79c13-4e7e-4034-95cd-6fc913f4f222.md total found:0
Warning,cf723737-4a75-4352-829b-f4954aa59716,Found a an ul list inside a table in html file:cf723737-4a75-4352-829b-f4954aa59716.xml
Warning,d07996e6-b0a5-4ff8-9512-ab707762b4e2,Found a an ul list inside a table in html file:d07996e6-b0a5-4ff8-9512-ab707762b4e2.xml
Warning,d1ccc7b6-99ff-4ffd-bd29-9088fb8fe837,Fixing missing end table tag in file:d1ccc7b6-99ff-4ffd-bd29-9088fb8fe837.md
Warning,d1ccc7b6-99ff-4ffd-bd29-9088fb8fe837,Found invalid tables saving file:d1ccc7b6-99ff-4ffd-bd29-9088fb8fe837.md
Warning,d351b6f2-bc31-42e0-9e8d-c347713d6b4a,Found nested table in md file:d351b6f2-bc31-42e0-9e8d-c347713d6b4a.md
Warning,d351b6f2-bc31-42e0-9e8d-c347713d6b4a,Fixing missing end table tag in file:d351b6f2-bc31-42e0-9e8d-c347713d6b4a.md
Warning,d351b6f2-bc31-42e0-9e8d-c347713d6b4a,Found invalid tables saving file:d351b6f2-bc31-42e0-9e8d-c347713d6b4a.md
Warning,d390c8a1-dc6e-44d8-b386-2be1fca9877c,Found a an ol list inside a table in html file:d390c8a1-dc6e-44d8-b386-2be1fca9877c.xml
Warning,d390c8a1-dc6e-44d8-b386-2be1fca9877c,Found nested table in md file:d390c8a1-dc6e-44d8-b386-2be1fca9877c.md
Warning,d390c8a1-dc6e-44d8-b386-2be1fca9877c,Fixing missing end table tag in file:d390c8a1-dc6e-44d8-b386-2be1fca9877c.md
Warning,d390c8a1-dc6e-44d8-b386-2be1fca9877c,Found invalid tables saving file:d390c8a1-dc6e-44d8-b386-2be1fca9877c.md
Warning,d4136e61-c3ab-4b26-85c8-c1b2c24f5ee3,Found a an ol list inside a table in html file:d4136e61-c3ab-4b26-85c8-c1b2c24f5ee3.xml
Warning,d4136e61-c3ab-4b26-85c8-c1b2c24f5ee3,Found nested table in md file:d4136e61-c3ab-4b26-85c8-c1b2c24f5ee3.md
Warning,d4136e61-c3ab-4b26-85c8-c1b2c24f5ee3,Fixing missing end table tag in file:d4136e61-c3ab-4b26-85c8-c1b2c24f5ee3.md
Warning,d4136e61-c3ab-4b26-85c8-c1b2c24f5ee3,Found invalid tables saving file:d4136e61-c3ab-4b26-85c8-c1b2c24f5ee3.md
Warning,d4835cf4-cd09-4769-a08e-e92706861b64,Found a an ul list inside a table in html file:d4835cf4-cd09-4769-a08e-e92706861b64.xml
Warning,d564839b-b49d-4c5d-b67e-dc5abb0f6980,Found a an ul list inside a table in html file:d564839b-b49d-4c5d-b67e-dc5abb0f6980.xml
Warning,d8c708cc-a1b1-48b1-808c-a64df15f7701,Found < > tag Bug 1235997:Support Request: MD conversion issue: not escaped tags causing missing content line:<div id="sectionSection0" class="section" name="collapseableSection" style=""><p>The Location-Based Routing Conferencing application is disabled by default. Before enabling this application- you need to determine the right priority to assign for the application. To determine this priority- run the following cmdlet in Lync Server Management Shell:</p>Get-CsServerApplication -Identity Service:Registrar:&lt;Pool FQDN&gt;<p>In this cmdlet- DOCS-LESSTHANPool FQDNDOCS-GREATERTHAN is the pool in which the Location-Based Routing Conferencing application is to be enabled.</p><p>This cmdlet will return the list of the applications hosted by Lync Server and the priority value for each of them. The Location-Based Routing Conferencing application needs to be assigned a priority value larger than the "UdcAgent" application and smaller than the "DefaultRouting"- "ExumRouting" and "OutboundRouting" applications. We recommend that you assign the Location-Based Routing Conferencing application a priority value that is one point higher than the priority value of the "UdcAgent" application.</p><p>For example- if the "UdcAgent" application has a priority value of "2"- the "DefaultRouting" application has a priority value of "8"- the "ExumRouting" application has a priority value of "9" and the "OutboundRouting" application has a priority value of "10" then you should assign the Location-Based Routing Conferencing application a priority value of "3". Doing so would place the priority of the applications in the following order: Other applications (Priorities: 0 to 1)- "UdcAgent" (Priority: 2)- Location-Based Routing Conferencing application (Priority: 3)- other applications (Priorities: 4 to 8)- "DefaultRouting" (Priority: 9)- "ExumRouting" (Priority: 10) and "OutboundRouting" (Priority: 11).</p><p>After you find the correct priority value for the Location-Based Routing Conferencing application- type the following cmdlet for each Front-End pool or Standard Edition Server that homes users enabled for Location-Based Routing:</p>New-CsServerApplication -Identity Service:Registrar:&lt;Pool FQDN&gt;/LBRouting -Priority &lt;Application Priority&gt; -Enabled $true -Critical $true -Uri http://www.microsoft.com/LCS/LBRouting<p>For example:</p>New-CsServerApplication -Identity Service:Registrar:LS2013CU2LBRPool.contoso.com/LBRouting -Priority 3 -Enabled $true -Critical $true -Uri http://www.microsoft.com/LCS/LBRouting<p>After using this cmdlet- restart all Front End servers in the pool or the Standard Edition Servers where the Location-Based Routing Conferencing application has been enabled.</p><div class="alert"><table width="100%" cellspacing="0" cellpadding="0"><tr><th align="left"><img class="note" alt="Important note" title="Important note" src="../icons/alert_caution.gif" /><b>Important</b></th></tr><tr><td><p>Location-Based Routing enforcements to conferences or consultative transfers won't be enforced until all the Front End Servers in the applicable pools or the Standard Edition Servers are restarted. If you set <b>-Critical</b>  to <b>$true</b>  in the preceding cmdlets- your Lync services will be immediately restarted. If you do not want these services to immediately restart- set <b>-Critical</b>  to <b>$false</b>  for now- and then use <b>Set-CsServerApplication</b>  to change <b>-Critical</b>  to <b>$true</b>  later- after the services have been restarted. </p></td></tr></table></div><p>Once the Location-Based Routing Conferencing application has been successfully enabled and all applicable Lync servers have been restarted- all conferences organized by Lync users enabled for Location-Based Routing will be monitored to prevent PSTN toll bypass</p></div> in md file:d8c708cc-a1b1-48b1-808c-a64df15f7701.md total found:0
Warning,d8ccfade-ef54-47a4-9f87-36213a635ce5,Found nested table in md file:d8ccfade-ef54-47a4-9f87-36213a635ce5.md
Warning,d8ccfade-ef54-47a4-9f87-36213a635ce5,Fixing missing end table tag in file:d8ccfade-ef54-47a4-9f87-36213a635ce5.md
Warning,d8ccfade-ef54-47a4-9f87-36213a635ce5,Found invalid tables saving file:d8ccfade-ef54-47a4-9f87-36213a635ce5.md
Warning,d9b33b56-66c2-4dee-b056-faaf98925bf2,Found < > tag Bug 1235997:Support Request: MD conversion issue: not escaped tags causing missing content line:<p>A location identifier that helps users to easily see that their Lync client picked up the correct location. The Lync client automatically concatenates and displays the discovered <b>Location</b>  and <b>City</b>  fields in its header. A good practice is to add the street address of the building to each location identifier (for example- "1st Floor &lt;street number&gt;"). Without the street address- a generic location identifier such as "1st Floor" could apply to any building in the city.</p> in md file:d9b33b56-66c2-4dee-b056-faaf98925bf2.md total found:0
Warning,d9cd0f9b-6ef2-4050-a4ca-263c5afa93ee,Found nested table in md file:d9cd0f9b-6ef2-4050-a4ca-263c5afa93ee.md
Warning,d9cd0f9b-6ef2-4050-a4ca-263c5afa93ee,Fixing missing end table tag in file:d9cd0f9b-6ef2-4050-a4ca-263c5afa93ee.md
Warning,d9cd0f9b-6ef2-4050-a4ca-263c5afa93ee,Found invalid tables saving file:d9cd0f9b-6ef2-4050-a4ca-263c5afa93ee.md
Warning,da25a976-7624-4dfc-b332-9c4db4ee78da,Found a an ul list inside a table in html file:da25a976-7624-4dfc-b332-9c4db4ee78da.xml
Warning,dbec9c38-7f66-419d-b8c3-c61380052cac,Found a an ul list inside a table in html file:dbec9c38-7f66-419d-b8c3-c61380052cac.xml
Warning,dbec9c38-7f66-419d-b8c3-c61380052cac,Found nested table in md file:dbec9c38-7f66-419d-b8c3-c61380052cac.md
Warning,dc680de9-2a0f-4fd3-a99e-9bab0bc30ae5,Found nested table in md file:dc680de9-2a0f-4fd3-a99e-9bab0bc30ae5.md
Warning,dc680de9-2a0f-4fd3-a99e-9bab0bc30ae5,Fixing missing end table tag in file:dc680de9-2a0f-4fd3-a99e-9bab0bc30ae5.md
Warning,dc680de9-2a0f-4fd3-a99e-9bab0bc30ae5,Found invalid tables saving file:dc680de9-2a0f-4fd3-a99e-9bab0bc30ae5.md
Warning,dc7d319d-a627-45b6-a978-6111901251e3,Found nested table in md file:dc7d319d-a627-45b6-a978-6111901251e3.md
Warning,dc7d319d-a627-45b6-a978-6111901251e3,Fixing missing end table tag in file:dc7d319d-a627-45b6-a978-6111901251e3.md
Warning,dc7d319d-a627-45b6-a978-6111901251e3,Found invalid tables saving file:dc7d319d-a627-45b6-a978-6111901251e3.md
Warning,dc8f096a-a0a4-4f71-8930-88ff8fc089d9,Found nested table in md file:dc8f096a-a0a4-4f71-8930-88ff8fc089d9.md
Warning,dc8f096a-a0a4-4f71-8930-88ff8fc089d9,Fixing missing end table tag in file:dc8f096a-a0a4-4f71-8930-88ff8fc089d9.md
Warning,dc8f096a-a0a4-4f71-8930-88ff8fc089d9,Found invalid tables saving file:dc8f096a-a0a4-4f71-8930-88ff8fc089d9.md
Warning,df6962bc-2a16-440e-a333-022ebd14f957,Found nested table in md file:df6962bc-2a16-440e-a333-022ebd14f957.md
Warning,df6962bc-2a16-440e-a333-022ebd14f957,Fixing missing end table tag in file:df6962bc-2a16-440e-a333-022ebd14f957.md
Warning,df6962bc-2a16-440e-a333-022ebd14f957,Found invalid tables saving file:df6962bc-2a16-440e-a333-022ebd14f957.md
Warning,e05d0032-bbea-4e61-987d-d07b1c045fd5,Found a an ul list inside a table in html file:e05d0032-bbea-4e61-987d-d07b1c045fd5.xml
Warning,e17364a8-8b93-45fc-a614-c80e45435d42,Found a an ul list inside a table in html file:e17364a8-8b93-45fc-a614-c80e45435d42.xml
Warning,e17c36b5-5a2f-4673-9696-3b2d31c2bb2f,Found a an ul list inside a table in html file:e17c36b5-5a2f-4673-9696-3b2d31c2bb2f.xml
Warning,e22114cb-4456-4e5f-93ab-51592c4a8209,Found nested table in md file:e22114cb-4456-4e5f-93ab-51592c4a8209.md
Warning,e22114cb-4456-4e5f-93ab-51592c4a8209,Fixing missing end table tag in file:e22114cb-4456-4e5f-93ab-51592c4a8209.md
Warning,e22114cb-4456-4e5f-93ab-51592c4a8209,Found invalid tables saving file:e22114cb-4456-4e5f-93ab-51592c4a8209.md
Warning,e6021d70-6ed9-414d-954c-06eef397dc1a,Found nested table in md file:e6021d70-6ed9-414d-954c-06eef397dc1a.md
Warning,e6021d70-6ed9-414d-954c-06eef397dc1a,Fixing missing end table tag in file:e6021d70-6ed9-414d-954c-06eef397dc1a.md
Warning,e6021d70-6ed9-414d-954c-06eef397dc1a,Found invalid tables saving file:e6021d70-6ed9-414d-954c-06eef397dc1a.md
Warning,e64dc89a-25e4-4cb8-bcb1-51712e69ba5a,Found a an ul list inside a table in html file:e64dc89a-25e4-4cb8-bcb1-51712e69ba5a.xml
Warning,e6ae0a5a-e131-4cfe-9a33-6e611831072d,Found nested table in md file:e6ae0a5a-e131-4cfe-9a33-6e611831072d.md
Warning,e6ae0a5a-e131-4cfe-9a33-6e611831072d,Fixing missing end table tag in file:e6ae0a5a-e131-4cfe-9a33-6e611831072d.md
Warning,e6ae0a5a-e131-4cfe-9a33-6e611831072d,Found invalid tables saving file:e6ae0a5a-e131-4cfe-9a33-6e611831072d.md
Warning,e75e8884-05c7-414a-8014-bc9aa8126fb7,Found a an ul list inside a table in html file:e75e8884-05c7-414a-8014-bc9aa8126fb7.xml
Warning,e7a6b873-486d-4dfb-a967-c48f61f237f3,Found a an ul list inside a table in html file:e7a6b873-486d-4dfb-a967-c48f61f237f3.xml
Warning,e829a21e-9dfa-46ba-9b5b-077c175d6586,Found a an ul list inside a table in html file:e829a21e-9dfa-46ba-9b5b-077c175d6586.xml
Warning,e87ac448-ee8f-477a-9f33-ce066c1bf093,Found a an ul list inside a table in html file:e87ac448-ee8f-477a-9f33-ce066c1bf093.xml
Warning,e8eb8a10-26b5-488b-bc8c-f9ef93f98bdb,Found a an ul list inside a table in html file:e8eb8a10-26b5-488b-bc8c-f9ef93f98bdb.xml
Warning,e9edc23c-8ce8-4ab8-8786-9d22e1e51e14,Found a an ul list inside a table in html file:e9edc23c-8ce8-4ab8-8786-9d22e1e51e14.xml
Warning,ea0e6059-bf04-4b03-b6d3-8f5534b731e2,Found a an ul list inside a table in html file:ea0e6059-bf04-4b03-b6d3-8f5534b731e2.xml
Warning,ea4b0c9f-7f93-4b8a-b901-01e1636c44fb,Found a an ul list inside a table in html file:ea4b0c9f-7f93-4b8a-b901-01e1636c44fb.xml
Warning,ed2d6325-3cf5-4450-9951-03092bcb0a7c,Found nested table in md file:ed2d6325-3cf5-4450-9951-03092bcb0a7c.md
Warning,ed2d6325-3cf5-4450-9951-03092bcb0a7c,Fixing missing end table tag in file:ed2d6325-3cf5-4450-9951-03092bcb0a7c.md
Warning,ed2d6325-3cf5-4450-9951-03092bcb0a7c,Found invalid tables saving file:ed2d6325-3cf5-4450-9951-03092bcb0a7c.md
Warning,ed6cb922-7863-453a-adce-2ce0ba761d74,Found a an ul list inside a table in html file:ed6cb922-7863-453a-adce-2ce0ba761d74.xml
Warning,ee9a695f-5cf5-441e-94fb-6adeca50e8d8,Missing tables headers in file:ee9a695f-5cf5-441e-94fb-6adeca50e8d8.md
Warning,ef773942-ef92-4f71-85a1-738dfebdfa00,Found nested table in md file:ef773942-ef92-4f71-85a1-738dfebdfa00.md
Warning,f09c9b3e-1f5f-4486-8113-e62c10cff138,Found a an ul list inside a table in html file:f09c9b3e-1f5f-4486-8113-e62c10cff138.xml
Warning,f18dd78c-3598-4f38-b496-96b750c6e518,Found nested table in md file:f18dd78c-3598-4f38-b496-96b750c6e518.md
Warning,f2b9a53f-aead-413d-81e9-4a294a010fbb,Found a an ul list inside a table in html file:f2b9a53f-aead-413d-81e9-4a294a010fbb.xml
Warning,f343bfcc-f296-4935-aa4c-94658dacace7,Found nested table in md file:f343bfcc-f296-4935-aa4c-94658dacace7.md
Warning,f343bfcc-f296-4935-aa4c-94658dacace7,Fixing missing end table tag in file:f343bfcc-f296-4935-aa4c-94658dacace7.md
Warning,f343bfcc-f296-4935-aa4c-94658dacace7,Found invalid tables saving file:f343bfcc-f296-4935-aa4c-94658dacace7.md
Warning,f3ba3379-afe4-4bc8-a038-9dff9dfd3bff,Found a an ul list inside a table in html file:f3ba3379-afe4-4bc8-a038-9dff9dfd3bff.xml
Warning,f3ba3379-afe4-4bc8-a038-9dff9dfd3bff,Fixing missing end table tag in file:f3ba3379-afe4-4bc8-a038-9dff9dfd3bff.md
Warning,f3ba3379-afe4-4bc8-a038-9dff9dfd3bff,Found invalid tables saving file:f3ba3379-afe4-4bc8-a038-9dff9dfd3bff.md
Warning,f42e4d60-699b-4870-8bb5-13b51bb6eb2b,Found a an dl list inside a table in html file:f42e4d60-699b-4870-8bb5-13b51bb6eb2b.xml
Error,f42e4d60-699b-4870-8bb5-13b51bb6eb2b,Checking for list in tables in file:f42e4d60-699b-4870-8bb5-13b51bb6eb2b.xml message:System.Collections.ArrayList
Warning,f455c3aa-0061-413d-bdfb-a3e78f82723d,Found a an ul list inside a table in html file:f455c3aa-0061-413d-bdfb-a3e78f82723d.xml
Warning,f4cd36fb-ffd6-48fa-b761-e11b3bcff91a,Found a an ol list inside a table in html file:f4cd36fb-ffd6-48fa-b761-e11b3bcff91a.xml
Warning,f6303e69-8771-492a-9e8b-c3d7ba231309,Found a an ul list inside a table in html file:f6303e69-8771-492a-9e8b-c3d7ba231309.xml
Warning,f6e237f8-f38c-4812-8fd8-c5202e7c4045,Found a an ul list inside a table in html file:f6e237f8-f38c-4812-8fd8-c5202e7c4045.xml
Warning,f8b3d240-bc2e-42c9-acf8-d532d641a14c,Found a an ul list inside a table in html file:f8b3d240-bc2e-42c9-acf8-d532d641a14c.xml
Warning,f8b3d240-bc2e-42c9-acf8-d532d641a14c,Missing tables headers in file:f8b3d240-bc2e-42c9-acf8-d532d641a14c.md
Warning,f8dc4ad7-fc32-482b-a1cb-5ba106df3344,Found < > tag Bug 1235997:Support Request: MD conversion issue: not escaped tags causing missing content line:<p>The Filter parameter searches only on Identity- which in the case of trusted application pools is the service ID in the format TrustedApplicationPool:&lt;FQDN&gt;. This example searches for pools based on service ID in the format &lt;site&gt;-ExternalServer-&lt;id&gt;; for example- Redmond1-ExternalServer-1. This allows us to find trusted pools homed on a specific site. The example begins by calling the <b>Get-CsTrustedApplicationPool</b>  cmdlet with no parameters- which retrieves a collection of all trusted application pools. This collection is then piped to the <b>Where-Object</b>  cmdlet- which narrows down the collection to only those pools where the service ID ($_.ServiceId) matches the wildcard string (-like) Redmond1*. The result will be a collection of all trusted application pools with FQDNs beginning with the string Redmond1- such as Redmond1-ExternalServer-1- Redmond1-ExternalServer-2- and Redmond1-ExternalServer-3.</p> in md file:f8dc4ad7-fc32-482b-a1cb-5ba106df3344.md total found:0
Warning,f9ecd85c-0ae9-4906-b786-6b002b5a77c6,Found nested table in md file:f9ecd85c-0ae9-4906-b786-6b002b5a77c6.md
Warning,f9ecd85c-0ae9-4906-b786-6b002b5a77c6,Fixing missing end table tag in file:f9ecd85c-0ae9-4906-b786-6b002b5a77c6.md
Warning,f9ecd85c-0ae9-4906-b786-6b002b5a77c6,Found invalid tables saving file:f9ecd85c-0ae9-4906-b786-6b002b5a77c6.md
Warning,fd1097b7-248d-4b78-8c43-456b03257c18,Found nested table in md file:fd1097b7-248d-4b78-8c43-456b03257c18.md
Warning,fd1097b7-248d-4b78-8c43-456b03257c18,Fixing missing end table tag in file:fd1097b7-248d-4b78-8c43-456b03257c18.md
Warning,fd1097b7-248d-4b78-8c43-456b03257c18,Found invalid tables saving file:fd1097b7-248d-4b78-8c43-456b03257c18.md

